1,AAB_AAP_1_00,AAB_AAP_1_09,audio/syllable/AAB_AAP_1_00.wav,audio/syllable/AAB_AAP_1_09.wav,syllable,continuum_internal
2,AAB_AAP_1_00,AAB_AAP_1_20,audio/syllable/AAB_AAP_1_00.wav,audio/syllable/AAB_AAP_1_20.wav,syllable,continuum_internal
3,AAB_AAP_1_00,AAB_AAP_1_30,audio/syllable/AAB_AAP_1_00.wav,audio/syllable/AAB_AAP_1_30.wav,syllable,continuum_internal
4,AAB_AAP_1_09,AAB_AAP_1_00,audio/syllable/AAB_AAP_1_09.wav,audio/syllable/AAB_AAP_1_00.wav,syllable,continuum_internal
5,AAB_AAP_1_09,AAB_AAP_1_20,audio/syllable/AAB_AAP_1_09.wav,audio/syllable/AAB_AAP_1_20.wav,syllable,continuum_internal
6,AAB_AAP_1_09,AAB_AAP_1_30,audio/syllable/AAB_AAP_1_09.wav,audio/syllable/AAB_AAP_1_30.wav,syllable,continuum_internal
7,AAB_AAP_1_20,AAB_AAP_1_00,audio/syllable/AAB_AAP_1_20.wav,audio/syllable/AAB_AAP_1_00.wav,syllable,continuum_internal
8,AAB_AAP_1_20,AAB_AAP_1_09,audio/syllable/AAB_AAP_1_20.wav,audio/syllable/AAB_AAP_1_09.wav,syllable,continuum_internal
9,AAB_AAP_1_20,AAB_AAP_1_30,audio/syllable/AAB_AAP_1_20.wav,audio/syllable/AAB_AAP_1_30.wav,syllable,continuum_internal
10,AAB_AAP_1_30,AAB_AAP_1_00,audio/syllable/AAB_AAP_1_30.wav,audio/syllable/AAB_AAP_1_00.wav,syllable,continuum_internal
11,AAB_AAP_1_30,AAB_AAP_1_09,audio/syllable/AAB_AAP_1_30.wav,audio/syllable/AAB_AAP_1_09.wav,syllable,continuum_internal
12,AAB_AAP_1_30,AAB_AAP_1_20,audio/syllable/AAB_AAP_1_30.wav,audio/syllable/AAB_AAP_1_20.wav,syllable,continuum_internal
13,AAD_AAT_5_00,AAD_AAT_5_09,audio/syllable/AAD_AAT_5_00.wav,audio/syllable/AAD_AAT_5_09.wav,syllable,continuum_internal
14,AAD_AAT_5_00,AAD_AAT_5_20,audio/syllable/AAD_AAT_5_00.wav,audio/syllable/AAD_AAT_5_20.wav,syllable,continuum_internal
15,AAD_AAT_5_00,AAD_AAT_5_30,audio/syllable/AAD_AAT_5_00.wav,audio/syllable/AAD_AAT_5_30.wav,syllable,continuum_internal
16,AAD_AAT_5_09,AAD_AAT_5_00,audio/syllable/AAD_AAT_5_09.wav,audio/syllable/AAD_AAT_5_00.wav,syllable,continuum_internal
17,AAD_AAT_5_09,AAD_AAT_5_20,audio/syllable/AAD_AAT_5_09.wav,audio/syllable/AAD_AAT_5_20.wav,syllable,continuum_internal
18,AAD_AAT_5_09,AAD_AAT_5_30,audio/syllable/AAD_AAT_5_09.wav,audio/syllable/AAD_AAT_5_30.wav,syllable,continuum_internal
19,AAD_AAT_5_20,AAD_AAT_5_00,audio/syllable/AAD_AAT_5_20.wav,audio/syllable/AAD_AAT_5_00.wav,syllable,continuum_internal
20,AAD_AAT_5_20,AAD_AAT_5_09,audio/syllable/AAD_AAT_5_20.wav,audio/syllable/AAD_AAT_5_09.wav,syllable,continuum_internal
21,AAD_AAT_5_20,AAD_AAT_5_30,audio/syllable/AAD_AAT_5_20.wav,audio/syllable/AAD_AAT_5_30.wav,syllable,continuum_internal
22,AAD_AAT_5_30,AAD_AAT_5_00,audio/syllable/AAD_AAT_5_30.wav,audio/syllable/AAD_AAT_5_00.wav,syllable,continuum_internal
23,AAD_AAT_5_30,AAD_AAT_5_09,audio/syllable/AAD_AAT_5_30.wav,audio/syllable/AAD_AAT_5_09.wav,syllable,continuum_internal
24,AAD_AAT_5_30,AAD_AAT_5_20,audio/syllable/AAD_AAT_5_30.wav,audio/syllable/AAD_AAT_5_20.wav,syllable,continuum_internal
25,AAG_AAK_3_00,AAG_AAK_3_09,audio/syllable/AAG_AAK_3_00.wav,audio/syllable/AAG_AAK_3_09.wav,syllable,continuum_internal
26,AAG_AAK_3_00,AAG_AAK_3_20,audio/syllable/AAG_AAK_3_00.wav,audio/syllable/AAG_AAK_3_20.wav,syllable,continuum_internal
27,AAG_AAK_3_00,AAG_AAK_3_30,audio/syllable/AAG_AAK_3_00.wav,audio/syllable/AAG_AAK_3_30.wav,syllable,continuum_internal
28,AAG_AAK_3_09,AAG_AAK_3_00,audio/syllable/AAG_AAK_3_09.wav,audio/syllable/AAG_AAK_3_00.wav,syllable,continuum_internal
29,AAG_AAK_3_09,AAG_AAK_3_20,audio/syllable/AAG_AAK_3_09.wav,audio/syllable/AAG_AAK_3_20.wav,syllable,continuum_internal
30,AAG_AAK_3_09,AAG_AAK_3_30,audio/syllable/AAG_AAK_3_09.wav,audio/syllable/AAG_AAK_3_30.wav,syllable,continuum_internal
31,AAG_AAK_3_20,AAG_AAK_3_00,audio/syllable/AAG_AAK_3_20.wav,audio/syllable/AAG_AAK_3_00.wav,syllable,continuum_internal
32,AAG_AAK_3_20,AAG_AAK_3_09,audio/syllable/AAG_AAK_3_20.wav,audio/syllable/AAG_AAK_3_09.wav,syllable,continuum_internal
33,AAG_AAK_3_20,AAG_AAK_3_30,audio/syllable/AAG_AAK_3_20.wav,audio/syllable/AAG_AAK_3_30.wav,syllable,continuum_internal
34,AAG_AAK_3_30,AAG_AAK_3_00,audio/syllable/AAG_AAK_3_30.wav,audio/syllable/AAG_AAK_3_00.wav,syllable,continuum_internal
35,AAG_AAK_3_30,AAG_AAK_3_09,audio/syllable/AAG_AAK_3_30.wav,audio/syllable/AAG_AAK_3_09.wav,syllable,continuum_internal
36,AAG_AAK_3_30,AAG_AAK_3_20,audio/syllable/AAG_AAK_3_30.wav,audio/syllable/AAG_AAK_3_20.wav,syllable,continuum_internal
37,AHB_AHP_3_00,AHB_AHP_3_09,audio/syllable/AHB_AHP_3_00.wav,audio/syllable/AHB_AHP_3_09.wav,syllable,continuum_internal
38,AHB_AHP_3_00,AHB_AHP_3_20,audio/syllable/AHB_AHP_3_00.wav,audio/syllable/AHB_AHP_3_20.wav,syllable,continuum_internal
39,AHB_AHP_3_00,AHB_AHP_3_30,audio/syllable/AHB_AHP_3_00.wav,audio/syllable/AHB_AHP_3_30.wav,syllable,continuum_internal
40,AHB_AHP_3_09,AHB_AHP_3_00,audio/syllable/AHB_AHP_3_09.wav,audio/syllable/AHB_AHP_3_00.wav,syllable,continuum_internal
41,AHB_AHP_3_09,AHB_AHP_3_20,audio/syllable/AHB_AHP_3_09.wav,audio/syllable/AHB_AHP_3_20.wav,syllable,continuum_internal
42,AHB_AHP_3_09,AHB_AHP_3_30,audio/syllable/AHB_AHP_3_09.wav,audio/syllable/AHB_AHP_3_30.wav,syllable,continuum_internal
43,AHB_AHP_3_20,AHB_AHP_3_00,audio/syllable/AHB_AHP_3_20.wav,audio/syllable/AHB_AHP_3_00.wav,syllable,continuum_internal
44,AHB_AHP_3_20,AHB_AHP_3_09,audio/syllable/AHB_AHP_3_20.wav,audio/syllable/AHB_AHP_3_09.wav,syllable,continuum_internal
45,AHB_AHP_3_20,AHB_AHP_3_30,audio/syllable/AHB_AHP_3_20.wav,audio/syllable/AHB_AHP_3_30.wav,syllable,continuum_internal
46,AHB_AHP_3_30,AHB_AHP_3_00,audio/syllable/AHB_AHP_3_30.wav,audio/syllable/AHB_AHP_3_00.wav,syllable,continuum_internal
47,AHB_AHP_3_30,AHB_AHP_3_09,audio/syllable/AHB_AHP_3_30.wav,audio/syllable/AHB_AHP_3_09.wav,syllable,continuum_internal
48,AHB_AHP_3_30,AHB_AHP_3_20,audio/syllable/AHB_AHP_3_30.wav,audio/syllable/AHB_AHP_3_20.wav,syllable,continuum_internal
49,AHD_AHT_3_00,AHD_AHT_3_09,audio/syllable/AHD_AHT_3_00.wav,audio/syllable/AHD_AHT_3_09.wav,syllable,continuum_internal
50,AHD_AHT_3_00,AHD_AHT_3_20,audio/syllable/AHD_AHT_3_00.wav,audio/syllable/AHD_AHT_3_20.wav,syllable,continuum_internal
51,AHD_AHT_3_00,AHD_AHT_3_30,audio/syllable/AHD_AHT_3_00.wav,audio/syllable/AHD_AHT_3_30.wav,syllable,continuum_internal
52,AHD_AHT_3_09,AHD_AHT_3_00,audio/syllable/AHD_AHT_3_09.wav,audio/syllable/AHD_AHT_3_00.wav,syllable,continuum_internal
53,AHD_AHT_3_09,AHD_AHT_3_20,audio/syllable/AHD_AHT_3_09.wav,audio/syllable/AHD_AHT_3_20.wav,syllable,continuum_internal
54,AHD_AHT_3_09,AHD_AHT_3_30,audio/syllable/AHD_AHT_3_09.wav,audio/syllable/AHD_AHT_3_30.wav,syllable,continuum_internal
55,AHD_AHT_3_20,AHD_AHT_3_00,audio/syllable/AHD_AHT_3_20.wav,audio/syllable/AHD_AHT_3_00.wav,syllable,continuum_internal
56,AHD_AHT_3_20,AHD_AHT_3_09,audio/syllable/AHD_AHT_3_20.wav,audio/syllable/AHD_AHT_3_09.wav,syllable,continuum_internal
57,AHD_AHT_3_20,AHD_AHT_3_30,audio/syllable/AHD_AHT_3_20.wav,audio/syllable/AHD_AHT_3_30.wav,syllable,continuum_internal
58,AHD_AHT_3_30,AHD_AHT_3_00,audio/syllable/AHD_AHT_3_30.wav,audio/syllable/AHD_AHT_3_00.wav,syllable,continuum_internal
59,AHD_AHT_3_30,AHD_AHT_3_09,audio/syllable/AHD_AHT_3_30.wav,audio/syllable/AHD_AHT_3_09.wav,syllable,continuum_internal
60,AHD_AHT_3_30,AHD_AHT_3_20,audio/syllable/AHD_AHT_3_30.wav,audio/syllable/AHD_AHT_3_20.wav,syllable,continuum_internal
61,AHG_AHK_3_00,AHG_AHK_3_09,audio/syllable/AHG_AHK_3_00.wav,audio/syllable/AHG_AHK_3_09.wav,syllable,continuum_internal
62,AHG_AHK_3_00,AHG_AHK_3_20,audio/syllable/AHG_AHK_3_00.wav,audio/syllable/AHG_AHK_3_20.wav,syllable,continuum_internal
63,AHG_AHK_3_00,AHG_AHK_3_30,audio/syllable/AHG_AHK_3_00.wav,audio/syllable/AHG_AHK_3_30.wav,syllable,continuum_internal
64,AHG_AHK_3_09,AHG_AHK_3_00,audio/syllable/AHG_AHK_3_09.wav,audio/syllable/AHG_AHK_3_00.wav,syllable,continuum_internal
65,AHG_AHK_3_09,AHG_AHK_3_20,audio/syllable/AHG_AHK_3_09.wav,audio/syllable/AHG_AHK_3_20.wav,syllable,continuum_internal
66,AHG_AHK_3_09,AHG_AHK_3_30,audio/syllable/AHG_AHK_3_09.wav,audio/syllable/AHG_AHK_3_30.wav,syllable,continuum_internal
67,AHG_AHK_3_20,AHG_AHK_3_00,audio/syllable/AHG_AHK_3_20.wav,audio/syllable/AHG_AHK_3_00.wav,syllable,continuum_internal
68,AHG_AHK_3_20,AHG_AHK_3_09,audio/syllable/AHG_AHK_3_20.wav,audio/syllable/AHG_AHK_3_09.wav,syllable,continuum_internal
69,AHG_AHK_3_20,AHG_AHK_3_30,audio/syllable/AHG_AHK_3_20.wav,audio/syllable/AHG_AHK_3_30.wav,syllable,continuum_internal
70,AHG_AHK_3_30,AHG_AHK_3_00,audio/syllable/AHG_AHK_3_30.wav,audio/syllable/AHG_AHK_3_00.wav,syllable,continuum_internal
71,AHG_AHK_3_30,AHG_AHK_3_09,audio/syllable/AHG_AHK_3_30.wav,audio/syllable/AHG_AHK_3_09.wav,syllable,continuum_internal
72,AHG_AHK_3_30,AHG_AHK_3_20,audio/syllable/AHG_AHK_3_30.wav,audio/syllable/AHG_AHK_3_20.wav,syllable,continuum_internal
73,IHB_IHP_5_00,IHB_IHP_5_09,audio/syllable/IHB_IHP_5_00.wav,audio/syllable/IHB_IHP_5_09.wav,syllable,continuum_internal
74,IHB_IHP_5_00,IHB_IHP_5_20,audio/syllable/IHB_IHP_5_00.wav,audio/syllable/IHB_IHP_5_20.wav,syllable,continuum_internal
75,IHB_IHP_5_00,IHB_IHP_5_30,audio/syllable/IHB_IHP_5_00.wav,audio/syllable/IHB_IHP_5_30.wav,syllable,continuum_internal
76,IHB_IHP_5_09,IHB_IHP_5_00,audio/syllable/IHB_IHP_5_09.wav,audio/syllable/IHB_IHP_5_00.wav,syllable,continuum_internal
77,IHB_IHP_5_09,IHB_IHP_5_20,audio/syllable/IHB_IHP_5_09.wav,audio/syllable/IHB_IHP_5_20.wav,syllable,continuum_internal
78,IHB_IHP_5_09,IHB_IHP_5_30,audio/syllable/IHB_IHP_5_09.wav,audio/syllable/IHB_IHP_5_30.wav,syllable,continuum_internal
79,IHB_IHP_5_20,IHB_IHP_5_00,audio/syllable/IHB_IHP_5_20.wav,audio/syllable/IHB_IHP_5_00.wav,syllable,continuum_internal
80,IHB_IHP_5_20,IHB_IHP_5_09,audio/syllable/IHB_IHP_5_20.wav,audio/syllable/IHB_IHP_5_09.wav,syllable,continuum_internal
81,IHB_IHP_5_20,IHB_IHP_5_30,audio/syllable/IHB_IHP_5_20.wav,audio/syllable/IHB_IHP_5_30.wav,syllable,continuum_internal
82,IHB_IHP_5_30,IHB_IHP_5_00,audio/syllable/IHB_IHP_5_30.wav,audio/syllable/IHB_IHP_5_00.wav,syllable,continuum_internal
83,IHB_IHP_5_30,IHB_IHP_5_09,audio/syllable/IHB_IHP_5_30.wav,audio/syllable/IHB_IHP_5_09.wav,syllable,continuum_internal
84,IHB_IHP_5_30,IHB_IHP_5_20,audio/syllable/IHB_IHP_5_30.wav,audio/syllable/IHB_IHP_5_20.wav,syllable,continuum_internal
85,IHD_IHT_3_00,IHD_IHT_3_09,audio/syllable/IHD_IHT_3_00.wav,audio/syllable/IHD_IHT_3_09.wav,syllable,continuum_internal
86,IHD_IHT_3_00,IHD_IHT_3_20,audio/syllable/IHD_IHT_3_00.wav,audio/syllable/IHD_IHT_3_20.wav,syllable,continuum_internal
87,IHD_IHT_3_00,IHD_IHT_3_30,audio/syllable/IHD_IHT_3_00.wav,audio/syllable/IHD_IHT_3_30.wav,syllable,continuum_internal
88,IHD_IHT_3_09,IHD_IHT_3_00,audio/syllable/IHD_IHT_3_09.wav,audio/syllable/IHD_IHT_3_00.wav,syllable,continuum_internal
89,IHD_IHT_3_09,IHD_IHT_3_20,audio/syllable/IHD_IHT_3_09.wav,audio/syllable/IHD_IHT_3_20.wav,syllable,continuum_internal
90,IHD_IHT_3_09,IHD_IHT_3_30,audio/syllable/IHD_IHT_3_09.wav,audio/syllable/IHD_IHT_3_30.wav,syllable,continuum_internal
91,IHD_IHT_3_20,IHD_IHT_3_00,audio/syllable/IHD_IHT_3_20.wav,audio/syllable/IHD_IHT_3_00.wav,syllable,continuum_internal
92,IHD_IHT_3_20,IHD_IHT_3_09,audio/syllable/IHD_IHT_3_20.wav,audio/syllable/IHD_IHT_3_09.wav,syllable,continuum_internal
93,IHD_IHT_3_20,IHD_IHT_3_30,audio/syllable/IHD_IHT_3_20.wav,audio/syllable/IHD_IHT_3_30.wav,syllable,continuum_internal
94,IHD_IHT_3_30,IHD_IHT_3_00,audio/syllable/IHD_IHT_3_30.wav,audio/syllable/IHD_IHT_3_00.wav,syllable,continuum_internal
95,IHD_IHT_3_30,IHD_IHT_3_09,audio/syllable/IHD_IHT_3_30.wav,audio/syllable/IHD_IHT_3_09.wav,syllable,continuum_internal
96,IHD_IHT_3_30,IHD_IHT_3_20,audio/syllable/IHD_IHT_3_30.wav,audio/syllable/IHD_IHT_3_20.wav,syllable,continuum_internal
97,IHG_IHK_5_00,IHG_IHK_5_09,audio/syllable/IHG_IHK_5_00.wav,audio/syllable/IHG_IHK_5_09.wav,syllable,continuum_internal
98,IHG_IHK_5_00,IHG_IHK_5_20,audio/syllable/IHG_IHK_5_00.wav,audio/syllable/IHG_IHK_5_20.wav,syllable,continuum_internal
99,IHG_IHK_5_00,IHG_IHK_5_30,audio/syllable/IHG_IHK_5_00.wav,audio/syllable/IHG_IHK_5_30.wav,syllable,continuum_internal
100,IHG_IHK_5_09,IHG_IHK_5_00,audio/syllable/IHG_IHK_5_09.wav,audio/syllable/IHG_IHK_5_00.wav,syllable,continuum_internal
101,IHG_IHK_5_09,IHG_IHK_5_20,audio/syllable/IHG_IHK_5_09.wav,audio/syllable/IHG_IHK_5_20.wav,syllable,continuum_internal
102,IHG_IHK_5_09,IHG_IHK_5_30,audio/syllable/IHG_IHK_5_09.wav,audio/syllable/IHG_IHK_5_30.wav,syllable,continuum_internal
103,IHG_IHK_5_20,IHG_IHK_5_00,audio/syllable/IHG_IHK_5_20.wav,audio/syllable/IHG_IHK_5_00.wav,syllable,continuum_internal
104,IHG_IHK_5_20,IHG_IHK_5_09,audio/syllable/IHG_IHK_5_20.wav,audio/syllable/IHG_IHK_5_09.wav,syllable,continuum_internal
105,IHG_IHK_5_20,IHG_IHK_5_30,audio/syllable/IHG_IHK_5_20.wav,audio/syllable/IHG_IHK_5_30.wav,syllable,continuum_internal
106,IHG_IHK_5_30,IHG_IHK_5_00,audio/syllable/IHG_IHK_5_30.wav,audio/syllable/IHG_IHK_5_00.wav,syllable,continuum_internal
107,IHG_IHK_5_30,IHG_IHK_5_09,audio/syllable/IHG_IHK_5_30.wav,audio/syllable/IHG_IHK_5_09.wav,syllable,continuum_internal
108,IHG_IHK_5_30,IHG_IHK_5_20,audio/syllable/IHG_IHK_5_30.wav,audio/syllable/IHG_IHK_5_20.wav,syllable,continuum_internal
109,UHB_UHP_5_00,UHB_UHP_5_09,audio/syllable/UHB_UHP_5_00.wav,audio/syllable/UHB_UHP_5_09.wav,syllable,continuum_internal
110,UHB_UHP_5_00,UHB_UHP_5_20,audio/syllable/UHB_UHP_5_00.wav,audio/syllable/UHB_UHP_5_20.wav,syllable,continuum_internal
111,UHB_UHP_5_00,UHB_UHP_5_30,audio/syllable/UHB_UHP_5_00.wav,audio/syllable/UHB_UHP_5_30.wav,syllable,continuum_internal
112,UHB_UHP_5_09,UHB_UHP_5_00,audio/syllable/UHB_UHP_5_09.wav,audio/syllable/UHB_UHP_5_00.wav,syllable,continuum_internal
113,UHB_UHP_5_09,UHB_UHP_5_20,audio/syllable/UHB_UHP_5_09.wav,audio/syllable/UHB_UHP_5_20.wav,syllable,continuum_internal
114,UHB_UHP_5_09,UHB_UHP_5_30,audio/syllable/UHB_UHP_5_09.wav,audio/syllable/UHB_UHP_5_30.wav,syllable,continuum_internal
115,UHB_UHP_5_20,UHB_UHP_5_00,audio/syllable/UHB_UHP_5_20.wav,audio/syllable/UHB_UHP_5_00.wav,syllable,continuum_internal
116,UHB_UHP_5_20,UHB_UHP_5_09,audio/syllable/UHB_UHP_5_20.wav,audio/syllable/UHB_UHP_5_09.wav,syllable,continuum_internal
117,UHB_UHP_5_20,UHB_UHP_5_30,audio/syllable/UHB_UHP_5_20.wav,audio/syllable/UHB_UHP_5_30.wav,syllable,continuum_internal
118,UHB_UHP_5_30,UHB_UHP_5_00,audio/syllable/UHB_UHP_5_30.wav,audio/syllable/UHB_UHP_5_00.wav,syllable,continuum_internal
119,UHB_UHP_5_30,UHB_UHP_5_09,audio/syllable/UHB_UHP_5_30.wav,audio/syllable/UHB_UHP_5_09.wav,syllable,continuum_internal
120,UHB_UHP_5_30,UHB_UHP_5_20,audio/syllable/UHB_UHP_5_30.wav,audio/syllable/UHB_UHP_5_20.wav,syllable,continuum_internal
121,UHD_UHT_5_00,UHD_UHT_5_09,audio/syllable/UHD_UHT_5_00.wav,audio/syllable/UHD_UHT_5_09.wav,syllable,continuum_internal
122,UHD_UHT_5_00,UHD_UHT_5_20,audio/syllable/UHD_UHT_5_00.wav,audio/syllable/UHD_UHT_5_20.wav,syllable,continuum_internal
123,UHD_UHT_5_00,UHD_UHT_5_30,audio/syllable/UHD_UHT_5_00.wav,audio/syllable/UHD_UHT_5_30.wav,syllable,continuum_internal
124,UHD_UHT_5_09,UHD_UHT_5_00,audio/syllable/UHD_UHT_5_09.wav,audio/syllable/UHD_UHT_5_00.wav,syllable,continuum_internal
125,UHD_UHT_5_09,UHD_UHT_5_20,audio/syllable/UHD_UHT_5_09.wav,audio/syllable/UHD_UHT_5_20.wav,syllable,continuum_internal
126,UHD_UHT_5_09,UHD_UHT_5_30,audio/syllable/UHD_UHT_5_09.wav,audio/syllable/UHD_UHT_5_30.wav,syllable,continuum_internal
127,UHD_UHT_5_20,UHD_UHT_5_00,audio/syllable/UHD_UHT_5_20.wav,audio/syllable/UHD_UHT_5_00.wav,syllable,continuum_internal
128,UHD_UHT_5_20,UHD_UHT_5_09,audio/syllable/UHD_UHT_5_20.wav,audio/syllable/UHD_UHT_5_09.wav,syllable,continuum_internal
129,UHD_UHT_5_20,UHD_UHT_5_30,audio/syllable/UHD_UHT_5_20.wav,audio/syllable/UHD_UHT_5_30.wav,syllable,continuum_internal
130,UHD_UHT_5_30,UHD_UHT_5_00,audio/syllable/UHD_UHT_5_30.wav,audio/syllable/UHD_UHT_5_00.wav,syllable,continuum_internal
131,UHD_UHT_5_30,UHD_UHT_5_09,audio/syllable/UHD_UHT_5_30.wav,audio/syllable/UHD_UHT_5_09.wav,syllable,continuum_internal
132,UHD_UHT_5_30,UHD_UHT_5_20,audio/syllable/UHD_UHT_5_30.wav,audio/syllable/UHD_UHT_5_20.wav,syllable,continuum_internal
133,UHG_UHK_5_00,UHG_UHK_5_09,audio/syllable/UHG_UHK_5_00.wav,audio/syllable/UHG_UHK_5_09.wav,syllable,continuum_internal
134,UHG_UHK_5_00,UHG_UHK_5_20,audio/syllable/UHG_UHK_5_00.wav,audio/syllable/UHG_UHK_5_20.wav,syllable,continuum_internal
135,UHG_UHK_5_00,UHG_UHK_5_30,audio/syllable/UHG_UHK_5_00.wav,audio/syllable/UHG_UHK_5_30.wav,syllable,continuum_internal
136,UHG_UHK_5_09,UHG_UHK_5_00,audio/syllable/UHG_UHK_5_09.wav,audio/syllable/UHG_UHK_5_00.wav,syllable,continuum_internal
137,UHG_UHK_5_09,UHG_UHK_5_20,audio/syllable/UHG_UHK_5_09.wav,audio/syllable/UHG_UHK_5_20.wav,syllable,continuum_internal
138,UHG_UHK_5_09,UHG_UHK_5_30,audio/syllable/UHG_UHK_5_09.wav,audio/syllable/UHG_UHK_5_30.wav,syllable,continuum_internal
139,UHG_UHK_5_20,UHG_UHK_5_00,audio/syllable/UHG_UHK_5_20.wav,audio/syllable/UHG_UHK_5_00.wav,syllable,continuum_internal
140,UHG_UHK_5_20,UHG_UHK_5_09,audio/syllable/UHG_UHK_5_20.wav,audio/syllable/UHG_UHK_5_09.wav,syllable,continuum_internal
141,UHG_UHK_5_20,UHG_UHK_5_30,audio/syllable/UHG_UHK_5_20.wav,audio/syllable/UHG_UHK_5_30.wav,syllable,continuum_internal
142,UHG_UHK_5_30,UHG_UHK_5_00,audio/syllable/UHG_UHK_5_30.wav,audio/syllable/UHG_UHK_5_00.wav,syllable,continuum_internal
143,UHG_UHK_5_30,UHG_UHK_5_09,audio/syllable/UHG_UHK_5_30.wav,audio/syllable/UHG_UHK_5_09.wav,syllable,continuum_internal
144,UHG_UHK_5_30,UHG_UHK_5_20,audio/syllable/UHG_UHK_5_30.wav,audio/syllable/UHG_UHK_5_20.wav,syllable,continuum_internal
145,AAB_AAP_1_00,AAD_AAT_5_00,audio/syllable/AAB_AAP_1_00.wav,audio/syllable/AAD_AAT_5_00.wav,syllable,cross_continuum_voiceless
146,AAB_AAP_1_00,AAG_AAK_3_00,audio/syllable/AAB_AAP_1_00.wav,audio/syllable/AAG_AAK_3_00.wav,syllable,cross_continuum_voiceless
147,AAB_AAP_1_00,AHB_AHP_3_00,audio/syllable/AAB_AAP_1_00.wav,audio/syllable/AHB_AHP_3_00.wav,syllable,cross_continuum_voiceless
148,AAB_AAP_1_00,AHD_AHT_3_00,audio/syllable/AAB_AAP_1_00.wav,audio/syllable/AHD_AHT_3_00.wav,syllable,cross_continuum_voiceless
149,AAB_AAP_1_00,AHG_AHK_3_00,audio/syllable/AAB_AAP_1_00.wav,audio/syllable/AHG_AHK_3_00.wav,syllable,cross_continuum_voiceless
150,AAB_AAP_1_00,IHB_IHP_5_00,audio/syllable/AAB_AAP_1_00.wav,audio/syllable/IHB_IHP_5_00.wav,syllable,cross_continuum_voiceless
151,AAB_AAP_1_00,IHD_IHT_3_00,audio/syllable/AAB_AAP_1_00.wav,audio/syllable/IHD_IHT_3_00.wav,syllable,cross_continuum_voiceless
152,AAB_AAP_1_00,IHG_IHK_5_00,audio/syllable/AAB_AAP_1_00.wav,audio/syllable/IHG_IHK_5_00.wav,syllable,cross_continuum_voiceless
153,AAB_AAP_1_00,UHB_UHP_5_00,audio/syllable/AAB_AAP_1_00.wav,audio/syllable/UHB_UHP_5_00.wav,syllable,cross_continuum_voiceless
154,AAB_AAP_1_00,UHD_UHT_5_00,audio/syllable/AAB_AAP_1_00.wav,audio/syllable/UHD_UHT_5_00.wav,syllable,cross_continuum_voiceless
155,AAB_AAP_1_00,UHG_UHK_5_00,audio/syllable/AAB_AAP_1_00.wav,audio/syllable/UHG_UHK_5_00.wav,syllable,cross_continuum_voiceless
156,AAD_AAT_5_00,AAB_AAP_1_00,audio/syllable/AAD_AAT_5_00.wav,audio/syllable/AAB_AAP_1_00.wav,syllable,cross_continuum_voiceless
157,AAD_AAT_5_00,AAG_AAK_3_00,audio/syllable/AAD_AAT_5_00.wav,audio/syllable/AAG_AAK_3_00.wav,syllable,cross_continuum_voiceless
158,AAD_AAT_5_00,AHB_AHP_3_00,audio/syllable/AAD_AAT_5_00.wav,audio/syllable/AHB_AHP_3_00.wav,syllable,cross_continuum_voiceless
159,AAD_AAT_5_00,AHD_AHT_3_00,audio/syllable/AAD_AAT_5_00.wav,audio/syllable/AHD_AHT_3_00.wav,syllable,cross_continuum_voiceless
160,AAD_AAT_5_00,AHG_AHK_3_00,audio/syllable/AAD_AAT_5_00.wav,audio/syllable/AHG_AHK_3_00.wav,syllable,cross_continuum_voiceless
161,AAD_AAT_5_00,IHB_IHP_5_00,audio/syllable/AAD_AAT_5_00.wav,audio/syllable/IHB_IHP_5_00.wav,syllable,cross_continuum_voiceless
162,AAD_AAT_5_00,IHD_IHT_3_00,audio/syllable/AAD_AAT_5_00.wav,audio/syllable/IHD_IHT_3_00.wav,syllable,cross_continuum_voiceless
163,AAD_AAT_5_00,IHG_IHK_5_00,audio/syllable/AAD_AAT_5_00.wav,audio/syllable/IHG_IHK_5_00.wav,syllable,cross_continuum_voiceless
164,AAD_AAT_5_00,UHB_UHP_5_00,audio/syllable/AAD_AAT_5_00.wav,audio/syllable/UHB_UHP_5_00.wav,syllable,cross_continuum_voiceless
165,AAD_AAT_5_00,UHD_UHT_5_00,audio/syllable/AAD_AAT_5_00.wav,audio/syllable/UHD_UHT_5_00.wav,syllable,cross_continuum_voiceless
166,AAD_AAT_5_00,UHG_UHK_5_00,audio/syllable/AAD_AAT_5_00.wav,audio/syllable/UHG_UHK_5_00.wav,syllable,cross_continuum_voiceless
167,AAG_AAK_3_00,AAB_AAP_1_00,audio/syllable/AAG_AAK_3_00.wav,audio/syllable/AAB_AAP_1_00.wav,syllable,cross_continuum_voiceless
168,AAG_AAK_3_00,AAD_AAT_5_00,audio/syllable/AAG_AAK_3_00.wav,audio/syllable/AAD_AAT_5_00.wav,syllable,cross_continuum_voiceless
169,AAG_AAK_3_00,AHB_AHP_3_00,audio/syllable/AAG_AAK_3_00.wav,audio/syllable/AHB_AHP_3_00.wav,syllable,cross_continuum_voiceless
170,AAG_AAK_3_00,AHD_AHT_3_00,audio/syllable/AAG_AAK_3_00.wav,audio/syllable/AHD_AHT_3_00.wav,syllable,cross_continuum_voiceless
171,AAG_AAK_3_00,AHG_AHK_3_00,audio/syllable/AAG_AAK_3_00.wav,audio/syllable/AHG_AHK_3_00.wav,syllable,cross_continuum_voiceless
172,AAG_AAK_3_00,IHB_IHP_5_00,audio/syllable/AAG_AAK_3_00.wav,audio/syllable/IHB_IHP_5_00.wav,syllable,cross_continuum_voiceless
173,AAG_AAK_3_00,IHD_IHT_3_00,audio/syllable/AAG_AAK_3_00.wav,audio/syllable/IHD_IHT_3_00.wav,syllable,cross_continuum_voiceless
174,AAG_AAK_3_00,IHG_IHK_5_00,audio/syllable/AAG_AAK_3_00.wav,audio/syllable/IHG_IHK_5_00.wav,syllable,cross_continuum_voiceless
175,AAG_AAK_3_00,UHB_UHP_5_00,audio/syllable/AAG_AAK_3_00.wav,audio/syllable/UHB_UHP_5_00.wav,syllable,cross_continuum_voiceless
176,AAG_AAK_3_00,UHD_UHT_5_00,audio/syllable/AAG_AAK_3_00.wav,audio/syllable/UHD_UHT_5_00.wav,syllable,cross_continuum_voiceless
177,AAG_AAK_3_00,UHG_UHK_5_00,audio/syllable/AAG_AAK_3_00.wav,audio/syllable/UHG_UHK_5_00.wav,syllable,cross_continuum_voiceless
178,AHB_AHP_3_00,AAB_AAP_1_00,audio/syllable/AHB_AHP_3_00.wav,audio/syllable/AAB_AAP_1_00.wav,syllable,cross_continuum_voiceless
179,AHB_AHP_3_00,AAD_AAT_5_00,audio/syllable/AHB_AHP_3_00.wav,audio/syllable/AAD_AAT_5_00.wav,syllable,cross_continuum_voiceless
180,AHB_AHP_3_00,AAG_AAK_3_00,audio/syllable/AHB_AHP_3_00.wav,audio/syllable/AAG_AAK_3_00.wav,syllable,cross_continuum_voiceless
181,AHB_AHP_3_00,AHD_AHT_3_00,audio/syllable/AHB_AHP_3_00.wav,audio/syllable/AHD_AHT_3_00.wav,syllable,cross_continuum_voiceless
182,AHB_AHP_3_00,AHG_AHK_3_00,audio/syllable/AHB_AHP_3_00.wav,audio/syllable/AHG_AHK_3_00.wav,syllable,cross_continuum_voiceless
183,AHB_AHP_3_00,IHB_IHP_5_00,audio/syllable/AHB_AHP_3_00.wav,audio/syllable/IHB_IHP_5_00.wav,syllable,cross_continuum_voiceless
184,AHB_AHP_3_00,IHD_IHT_3_00,audio/syllable/AHB_AHP_3_00.wav,audio/syllable/IHD_IHT_3_00.wav,syllable,cross_continuum_voiceless
185,AHB_AHP_3_00,IHG_IHK_5_00,audio/syllable/AHB_AHP_3_00.wav,audio/syllable/IHG_IHK_5_00.wav,syllable,cross_continuum_voiceless
186,AHB_AHP_3_00,UHB_UHP_5_00,audio/syllable/AHB_AHP_3_00.wav,audio/syllable/UHB_UHP_5_00.wav,syllable,cross_continuum_voiceless
187,AHB_AHP_3_00,UHD_UHT_5_00,audio/syllable/AHB_AHP_3_00.wav,audio/syllable/UHD_UHT_5_00.wav,syllable,cross_continuum_voiceless
188,AHB_AHP_3_00,UHG_UHK_5_00,audio/syllable/AHB_AHP_3_00.wav,audio/syllable/UHG_UHK_5_00.wav,syllable,cross_continuum_voiceless
189,AHD_AHT_3_00,AAB_AAP_1_00,audio/syllable/AHD_AHT_3_00.wav,audio/syllable/AAB_AAP_1_00.wav,syllable,cross_continuum_voiceless
190,AHD_AHT_3_00,AAD_AAT_5_00,audio/syllable/AHD_AHT_3_00.wav,audio/syllable/AAD_AAT_5_00.wav,syllable,cross_continuum_voiceless
191,AHD_AHT_3_00,AAG_AAK_3_00,audio/syllable/AHD_AHT_3_00.wav,audio/syllable/AAG_AAK_3_00.wav,syllable,cross_continuum_voiceless
192,AHD_AHT_3_00,AHB_AHP_3_00,audio/syllable/AHD_AHT_3_00.wav,audio/syllable/AHB_AHP_3_00.wav,syllable,cross_continuum_voiceless
193,AHD_AHT_3_00,AHG_AHK_3_00,audio/syllable/AHD_AHT_3_00.wav,audio/syllable/AHG_AHK_3_00.wav,syllable,cross_continuum_voiceless
194,AHD_AHT_3_00,IHB_IHP_5_00,audio/syllable/AHD_AHT_3_00.wav,audio/syllable/IHB_IHP_5_00.wav,syllable,cross_continuum_voiceless
195,AHD_AHT_3_00,IHD_IHT_3_00,audio/syllable/AHD_AHT_3_00.wav,audio/syllable/IHD_IHT_3_00.wav,syllable,cross_continuum_voiceless
196,AHD_AHT_3_00,IHG_IHK_5_00,audio/syllable/AHD_AHT_3_00.wav,audio/syllable/IHG_IHK_5_00.wav,syllable,cross_continuum_voiceless
197,AHD_AHT_3_00,UHB_UHP_5_00,audio/syllable/AHD_AHT_3_00.wav,audio/syllable/UHB_UHP_5_00.wav,syllable,cross_continuum_voiceless
198,AHD_AHT_3_00,UHD_UHT_5_00,audio/syllable/AHD_AHT_3_00.wav,audio/syllable/UHD_UHT_5_00.wav,syllable,cross_continuum_voiceless
199,AHD_AHT_3_00,UHG_UHK_5_00,audio/syllable/AHD_AHT_3_00.wav,audio/syllable/UHG_UHK_5_00.wav,syllable,cross_continuum_voiceless
200,AHG_AHK_3_00,AAB_AAP_1_00,audio/syllable/AHG_AHK_3_00.wav,audio/syllable/AAB_AAP_1_00.wav,syllable,cross_continuum_voiceless
201,AHG_AHK_3_00,AAD_AAT_5_00,audio/syllable/AHG_AHK_3_00.wav,audio/syllable/AAD_AAT_5_00.wav,syllable,cross_continuum_voiceless
202,AHG_AHK_3_00,AAG_AAK_3_00,audio/syllable/AHG_AHK_3_00.wav,audio/syllable/AAG_AAK_3_00.wav,syllable,cross_continuum_voiceless
203,AHG_AHK_3_00,AHB_AHP_3_00,audio/syllable/AHG_AHK_3_00.wav,audio/syllable/AHB_AHP_3_00.wav,syllable,cross_continuum_voiceless
204,AHG_AHK_3_00,AHD_AHT_3_00,audio/syllable/AHG_AHK_3_00.wav,audio/syllable/AHD_AHT_3_00.wav,syllable,cross_continuum_voiceless
205,AHG_AHK_3_00,IHB_IHP_5_00,audio/syllable/AHG_AHK_3_00.wav,audio/syllable/IHB_IHP_5_00.wav,syllable,cross_continuum_voiceless
206,AHG_AHK_3_00,IHD_IHT_3_00,audio/syllable/AHG_AHK_3_00.wav,audio/syllable/IHD_IHT_3_00.wav,syllable,cross_continuum_voiceless
207,AHG_AHK_3_00,IHG_IHK_5_00,audio/syllable/AHG_AHK_3_00.wav,audio/syllable/IHG_IHK_5_00.wav,syllable,cross_continuum_voiceless
208,AHG_AHK_3_00,UHB_UHP_5_00,audio/syllable/AHG_AHK_3_00.wav,audio/syllable/UHB_UHP_5_00.wav,syllable,cross_continuum_voiceless
209,AHG_AHK_3_00,UHD_UHT_5_00,audio/syllable/AHG_AHK_3_00.wav,audio/syllable/UHD_UHT_5_00.wav,syllable,cross_continuum_voiceless
210,AHG_AHK_3_00,UHG_UHK_5_00,audio/syllable/AHG_AHK_3_00.wav,audio/syllable/UHG_UHK_5_00.wav,syllable,cross_continuum_voiceless
211,IHB_IHP_5_00,AAB_AAP_1_00,audio/syllable/IHB_IHP_5_00.wav,audio/syllable/AAB_AAP_1_00.wav,syllable,cross_continuum_voiceless
212,IHB_IHP_5_00,AAD_AAT_5_00,audio/syllable/IHB_IHP_5_00.wav,audio/syllable/AAD_AAT_5_00.wav,syllable,cross_continuum_voiceless
213,IHB_IHP_5_00,AAG_AAK_3_00,audio/syllable/IHB_IHP_5_00.wav,audio/syllable/AAG_AAK_3_00.wav,syllable,cross_continuum_voiceless
214,IHB_IHP_5_00,AHB_AHP_3_00,audio/syllable/IHB_IHP_5_00.wav,audio/syllable/AHB_AHP_3_00.wav,syllable,cross_continuum_voiceless
215,IHB_IHP_5_00,AHD_AHT_3_00,audio/syllable/IHB_IHP_5_00.wav,audio/syllable/AHD_AHT_3_00.wav,syllable,cross_continuum_voiceless
216,IHB_IHP_5_00,AHG_AHK_3_00,audio/syllable/IHB_IHP_5_00.wav,audio/syllable/AHG_AHK_3_00.wav,syllable,cross_continuum_voiceless
217,IHB_IHP_5_00,IHD_IHT_3_00,audio/syllable/IHB_IHP_5_00.wav,audio/syllable/IHD_IHT_3_00.wav,syllable,cross_continuum_voiceless
218,IHB_IHP_5_00,IHG_IHK_5_00,audio/syllable/IHB_IHP_5_00.wav,audio/syllable/IHG_IHK_5_00.wav,syllable,cross_continuum_voiceless
219,IHB_IHP_5_00,UHB_UHP_5_00,audio/syllable/IHB_IHP_5_00.wav,audio/syllable/UHB_UHP_5_00.wav,syllable,cross_continuum_voiceless
220,IHB_IHP_5_00,UHD_UHT_5_00,audio/syllable/IHB_IHP_5_00.wav,audio/syllable/UHD_UHT_5_00.wav,syllable,cross_continuum_voiceless
221,IHB_IHP_5_00,UHG_UHK_5_00,audio/syllable/IHB_IHP_5_00.wav,audio/syllable/UHG_UHK_5_00.wav,syllable,cross_continuum_voiceless
222,IHD_IHT_3_00,AAB_AAP_1_00,audio/syllable/IHD_IHT_3_00.wav,audio/syllable/AAB_AAP_1_00.wav,syllable,cross_continuum_voiceless
223,IHD_IHT_3_00,AAD_AAT_5_00,audio/syllable/IHD_IHT_3_00.wav,audio/syllable/AAD_AAT_5_00.wav,syllable,cross_continuum_voiceless
224,IHD_IHT_3_00,AAG_AAK_3_00,audio/syllable/IHD_IHT_3_00.wav,audio/syllable/AAG_AAK_3_00.wav,syllable,cross_continuum_voiceless
225,IHD_IHT_3_00,AHB_AHP_3_00,audio/syllable/IHD_IHT_3_00.wav,audio/syllable/AHB_AHP_3_00.wav,syllable,cross_continuum_voiceless
226,IHD_IHT_3_00,AHD_AHT_3_00,audio/syllable/IHD_IHT_3_00.wav,audio/syllable/AHD_AHT_3_00.wav,syllable,cross_continuum_voiceless
227,IHD_IHT_3_00,AHG_AHK_3_00,audio/syllable/IHD_IHT_3_00.wav,audio/syllable/AHG_AHK_3_00.wav,syllable,cross_continuum_voiceless
228,IHD_IHT_3_00,IHB_IHP_5_00,audio/syllable/IHD_IHT_3_00.wav,audio/syllable/IHB_IHP_5_00.wav,syllable,cross_continuum_voiceless
229,IHD_IHT_3_00,IHG_IHK_5_00,audio/syllable/IHD_IHT_3_00.wav,audio/syllable/IHG_IHK_5_00.wav,syllable,cross_continuum_voiceless
230,IHD_IHT_3_00,UHB_UHP_5_00,audio/syllable/IHD_IHT_3_00.wav,audio/syllable/UHB_UHP_5_00.wav,syllable,cross_continuum_voiceless
231,IHD_IHT_3_00,UHD_UHT_5_00,audio/syllable/IHD_IHT_3_00.wav,audio/syllable/UHD_UHT_5_00.wav,syllable,cross_continuum_voiceless
232,IHD_IHT_3_00,UHG_UHK_5_00,audio/syllable/IHD_IHT_3_00.wav,audio/syllable/UHG_UHK_5_00.wav,syllable,cross_continuum_voiceless
233,IHG_IHK_5_00,AAB_AAP_1_00,audio/syllable/IHG_IHK_5_00.wav,audio/syllable/AAB_AAP_1_00.wav,syllable,cross_continuum_voiceless
234,IHG_IHK_5_00,AAD_AAT_5_00,audio/syllable/IHG_IHK_5_00.wav,audio/syllable/AAD_AAT_5_00.wav,syllable,cross_continuum_voiceless
235,IHG_IHK_5_00,AAG_AAK_3_00,audio/syllable/IHG_IHK_5_00.wav,audio/syllable/AAG_AAK_3_00.wav,syllable,cross_continuum_voiceless
236,IHG_IHK_5_00,AHB_AHP_3_00,audio/syllable/IHG_IHK_5_00.wav,audio/syllable/AHB_AHP_3_00.wav,syllable,cross_continuum_voiceless
237,IHG_IHK_5_00,AHD_AHT_3_00,audio/syllable/IHG_IHK_5_00.wav,audio/syllable/AHD_AHT_3_00.wav,syllable,cross_continuum_voiceless
238,IHG_IHK_5_00,AHG_AHK_3_00,audio/syllable/IHG_IHK_5_00.wav,audio/syllable/AHG_AHK_3_00.wav,syllable,cross_continuum_voiceless
239,IHG_IHK_5_00,IHB_IHP_5_00,audio/syllable/IHG_IHK_5_00.wav,audio/syllable/IHB_IHP_5_00.wav,syllable,cross_continuum_voiceless
240,IHG_IHK_5_00,IHD_IHT_3_00,audio/syllable/IHG_IHK_5_00.wav,audio/syllable/IHD_IHT_3_00.wav,syllable,cross_continuum_voiceless
241,IHG_IHK_5_00,UHB_UHP_5_00,audio/syllable/IHG_IHK_5_00.wav,audio/syllable/UHB_UHP_5_00.wav,syllable,cross_continuum_voiceless
242,IHG_IHK_5_00,UHD_UHT_5_00,audio/syllable/IHG_IHK_5_00.wav,audio/syllable/UHD_UHT_5_00.wav,syllable,cross_continuum_voiceless
243,IHG_IHK_5_00,UHG_UHK_5_00,audio/syllable/IHG_IHK_5_00.wav,audio/syllable/UHG_UHK_5_00.wav,syllable,cross_continuum_voiceless
244,UHB_UHP_5_00,AAB_AAP_1_00,audio/syllable/UHB_UHP_5_00.wav,audio/syllable/AAB_AAP_1_00.wav,syllable,cross_continuum_voiceless
245,UHB_UHP_5_00,AAD_AAT_5_00,audio/syllable/UHB_UHP_5_00.wav,audio/syllable/AAD_AAT_5_00.wav,syllable,cross_continuum_voiceless
246,UHB_UHP_5_00,AAG_AAK_3_00,audio/syllable/UHB_UHP_5_00.wav,audio/syllable/AAG_AAK_3_00.wav,syllable,cross_continuum_voiceless
247,UHB_UHP_5_00,AHB_AHP_3_00,audio/syllable/UHB_UHP_5_00.wav,audio/syllable/AHB_AHP_3_00.wav,syllable,cross_continuum_voiceless
248,UHB_UHP_5_00,AHD_AHT_3_00,audio/syllable/UHB_UHP_5_00.wav,audio/syllable/AHD_AHT_3_00.wav,syllable,cross_continuum_voiceless
249,UHB_UHP_5_00,AHG_AHK_3_00,audio/syllable/UHB_UHP_5_00.wav,audio/syllable/AHG_AHK_3_00.wav,syllable,cross_continuum_voiceless
250,UHB_UHP_5_00,IHB_IHP_5_00,audio/syllable/UHB_UHP_5_00.wav,audio/syllable/IHB_IHP_5_00.wav,syllable,cross_continuum_voiceless
251,UHB_UHP_5_00,IHD_IHT_3_00,audio/syllable/UHB_UHP_5_00.wav,audio/syllable/IHD_IHT_3_00.wav,syllable,cross_continuum_voiceless
252,UHB_UHP_5_00,IHG_IHK_5_00,audio/syllable/UHB_UHP_5_00.wav,audio/syllable/IHG_IHK_5_00.wav,syllable,cross_continuum_voiceless
253,UHB_UHP_5_00,UHD_UHT_5_00,audio/syllable/UHB_UHP_5_00.wav,audio/syllable/UHD_UHT_5_00.wav,syllable,cross_continuum_voiceless
254,UHB_UHP_5_00,UHG_UHK_5_00,audio/syllable/UHB_UHP_5_00.wav,audio/syllable/UHG_UHK_5_00.wav,syllable,cross_continuum_voiceless
255,UHD_UHT_5_00,AAB_AAP_1_00,audio/syllable/UHD_UHT_5_00.wav,audio/syllable/AAB_AAP_1_00.wav,syllable,cross_continuum_voiceless
256,UHD_UHT_5_00,AAD_AAT_5_00,audio/syllable/UHD_UHT_5_00.wav,audio/syllable/AAD_AAT_5_00.wav,syllable,cross_continuum_voiceless
257,UHD_UHT_5_00,AAG_AAK_3_00,audio/syllable/UHD_UHT_5_00.wav,audio/syllable/AAG_AAK_3_00.wav,syllable,cross_continuum_voiceless
258,UHD_UHT_5_00,AHB_AHP_3_00,audio/syllable/UHD_UHT_5_00.wav,audio/syllable/AHB_AHP_3_00.wav,syllable,cross_continuum_voiceless
259,UHD_UHT_5_00,AHD_AHT_3_00,audio/syllable/UHD_UHT_5_00.wav,audio/syllable/AHD_AHT_3_00.wav,syllable,cross_continuum_voiceless
260,UHD_UHT_5_00,AHG_AHK_3_00,audio/syllable/UHD_UHT_5_00.wav,audio/syllable/AHG_AHK_3_00.wav,syllable,cross_continuum_voiceless
261,UHD_UHT_5_00,IHB_IHP_5_00,audio/syllable/UHD_UHT_5_00.wav,audio/syllable/IHB_IHP_5_00.wav,syllable,cross_continuum_voiceless
262,UHD_UHT_5_00,IHD_IHT_3_00,audio/syllable/UHD_UHT_5_00.wav,audio/syllable/IHD_IHT_3_00.wav,syllable,cross_continuum_voiceless
263,UHD_UHT_5_00,IHG_IHK_5_00,audio/syllable/UHD_UHT_5_00.wav,audio/syllable/IHG_IHK_5_00.wav,syllable,cross_continuum_voiceless
264,UHD_UHT_5_00,UHB_UHP_5_00,audio/syllable/UHD_UHT_5_00.wav,audio/syllable/UHB_UHP_5_00.wav,syllable,cross_continuum_voiceless
265,UHD_UHT_5_00,UHG_UHK_5_00,audio/syllable/UHD_UHT_5_00.wav,audio/syllable/UHG_UHK_5_00.wav,syllable,cross_continuum_voiceless
266,UHG_UHK_5_00,AAB_AAP_1_00,audio/syllable/UHG_UHK_5_00.wav,audio/syllable/AAB_AAP_1_00.wav,syllable,cross_continuum_voiceless
267,UHG_UHK_5_00,AAD_AAT_5_00,audio/syllable/UHG_UHK_5_00.wav,audio/syllable/AAD_AAT_5_00.wav,syllable,cross_continuum_voiceless
268,UHG_UHK_5_00,AAG_AAK_3_00,audio/syllable/UHG_UHK_5_00.wav,audio/syllable/AAG_AAK_3_00.wav,syllable,cross_continuum_voiceless
269,UHG_UHK_5_00,AHB_AHP_3_00,audio/syllable/UHG_UHK_5_00.wav,audio/syllable/AHB_AHP_3_00.wav,syllable,cross_continuum_voiceless
270,UHG_UHK_5_00,AHD_AHT_3_00,audio/syllable/UHG_UHK_5_00.wav,audio/syllable/AHD_AHT_3_00.wav,syllable,cross_continuum_voiceless
271,UHG_UHK_5_00,AHG_AHK_3_00,audio/syllable/UHG_UHK_5_00.wav,audio/syllable/AHG_AHK_3_00.wav,syllable,cross_continuum_voiceless
272,UHG_UHK_5_00,IHB_IHP_5_00,audio/syllable/UHG_UHK_5_00.wav,audio/syllable/IHB_IHP_5_00.wav,syllable,cross_continuum_voiceless
273,UHG_UHK_5_00,IHD_IHT_3_00,audio/syllable/UHG_UHK_5_00.wav,audio/syllable/IHD_IHT_3_00.wav,syllable,cross_continuum_voiceless
274,UHG_UHK_5_00,IHG_IHK_5_00,audio/syllable/UHG_UHK_5_00.wav,audio/syllable/IHG_IHK_5_00.wav,syllable,cross_continuum_voiceless
275,UHG_UHK_5_00,UHB_UHP_5_00,audio/syllable/UHG_UHK_5_00.wav,audio/syllable/UHB_UHP_5_00.wav,syllable,cross_continuum_voiceless
276,UHG_UHK_5_00,UHD_UHT_5_00,audio/syllable/UHG_UHK_5_00.wav,audio/syllable/UHD_UHT_5_00.wav,syllable,cross_continuum_voiceless
277,AAB_AAP_1_30,AAD_AAT_5_30,audio/syllable/AAB_AAP_1_30.wav,audio/syllable/AAD_AAT_5_30.wav,syllable,cross_continuum_voiced
278,AAB_AAP_1_30,AAG_AAK_3_30,audio/syllable/AAB_AAP_1_30.wav,audio/syllable/AAG_AAK_3_30.wav,syllable,cross_continuum_voiced
279,AAB_AAP_1_30,AHB_AHP_3_30,audio/syllable/AAB_AAP_1_30.wav,audio/syllable/AHB_AHP_3_30.wav,syllable,cross_continuum_voiced
280,AAB_AAP_1_30,AHD_AHT_3_30,audio/syllable/AAB_AAP_1_30.wav,audio/syllable/AHD_AHT_3_30.wav,syllable,cross_continuum_voiced
281,AAB_AAP_1_30,AHG_AHK_3_30,audio/syllable/AAB_AAP_1_30.wav,audio/syllable/AHG_AHK_3_30.wav,syllable,cross_continuum_voiced
282,AAB_AAP_1_30,IHB_IHP_5_30,audio/syllable/AAB_AAP_1_30.wav,audio/syllable/IHB_IHP_5_30.wav,syllable,cross_continuum_voiced
283,AAB_AAP_1_30,IHD_IHT_3_30,audio/syllable/AAB_AAP_1_30.wav,audio/syllable/IHD_IHT_3_30.wav,syllable,cross_continuum_voiced
284,AAB_AAP_1_30,IHG_IHK_5_30,audio/syllable/AAB_AAP_1_30.wav,audio/syllable/IHG_IHK_5_30.wav,syllable,cross_continuum_voiced
285,AAB_AAP_1_30,UHB_UHP_5_30,audio/syllable/AAB_AAP_1_30.wav,audio/syllable/UHB_UHP_5_30.wav,syllable,cross_continuum_voiced
286,AAB_AAP_1_30,UHD_UHT_5_30,audio/syllable/AAB_AAP_1_30.wav,audio/syllable/UHD_UHT_5_30.wav,syllable,cross_continuum_voiced
287,AAB_AAP_1_30,UHG_UHK_5_30,audio/syllable/AAB_AAP_1_30.wav,audio/syllable/UHG_UHK_5_30.wav,syllable,cross_continuum_voiced
288,AAD_AAT_5_30,AAB_AAP_1_30,audio/syllable/AAD_AAT_5_30.wav,audio/syllable/AAB_AAP_1_30.wav,syllable,cross_continuum_voiced
289,AAD_AAT_5_30,AAG_AAK_3_30,audio/syllable/AAD_AAT_5_30.wav,audio/syllable/AAG_AAK_3_30.wav,syllable,cross_continuum_voiced
290,AAD_AAT_5_30,AHB_AHP_3_30,audio/syllable/AAD_AAT_5_30.wav,audio/syllable/AHB_AHP_3_30.wav,syllable,cross_continuum_voiced
291,AAD_AAT_5_30,AHD_AHT_3_30,audio/syllable/AAD_AAT_5_30.wav,audio/syllable/AHD_AHT_3_30.wav,syllable,cross_continuum_voiced
292,AAD_AAT_5_30,AHG_AHK_3_30,audio/syllable/AAD_AAT_5_30.wav,audio/syllable/AHG_AHK_3_30.wav,syllable,cross_continuum_voiced
293,AAD_AAT_5_30,IHB_IHP_5_30,audio/syllable/AAD_AAT_5_30.wav,audio/syllable/IHB_IHP_5_30.wav,syllable,cross_continuum_voiced
294,AAD_AAT_5_30,IHD_IHT_3_30,audio/syllable/AAD_AAT_5_30.wav,audio/syllable/IHD_IHT_3_30.wav,syllable,cross_continuum_voiced
295,AAD_AAT_5_30,IHG_IHK_5_30,audio/syllable/AAD_AAT_5_30.wav,audio/syllable/IHG_IHK_5_30.wav,syllable,cross_continuum_voiced
296,AAD_AAT_5_30,UHB_UHP_5_30,audio/syllable/AAD_AAT_5_30.wav,audio/syllable/UHB_UHP_5_30.wav,syllable,cross_continuum_voiced
297,AAD_AAT_5_30,UHD_UHT_5_30,audio/syllable/AAD_AAT_5_30.wav,audio/syllable/UHD_UHT_5_30.wav,syllable,cross_continuum_voiced
298,AAD_AAT_5_30,UHG_UHK_5_30,audio/syllable/AAD_AAT_5_30.wav,audio/syllable/UHG_UHK_5_30.wav,syllable,cross_continuum_voiced
299,AAG_AAK_3_30,AAB_AAP_1_30,audio/syllable/AAG_AAK_3_30.wav,audio/syllable/AAB_AAP_1_30.wav,syllable,cross_continuum_voiced
300,AAG_AAK_3_30,AAD_AAT_5_30,audio/syllable/AAG_AAK_3_30.wav,audio/syllable/AAD_AAT_5_30.wav,syllable,cross_continuum_voiced
301,AAG_AAK_3_30,AHB_AHP_3_30,audio/syllable/AAG_AAK_3_30.wav,audio/syllable/AHB_AHP_3_30.wav,syllable,cross_continuum_voiced
302,AAG_AAK_3_30,AHD_AHT_3_30,audio/syllable/AAG_AAK_3_30.wav,audio/syllable/AHD_AHT_3_30.wav,syllable,cross_continuum_voiced
303,AAG_AAK_3_30,AHG_AHK_3_30,audio/syllable/AAG_AAK_3_30.wav,audio/syllable/AHG_AHK_3_30.wav,syllable,cross_continuum_voiced
304,AAG_AAK_3_30,IHB_IHP_5_30,audio/syllable/AAG_AAK_3_30.wav,audio/syllable/IHB_IHP_5_30.wav,syllable,cross_continuum_voiced
305,AAG_AAK_3_30,IHD_IHT_3_30,audio/syllable/AAG_AAK_3_30.wav,audio/syllable/IHD_IHT_3_30.wav,syllable,cross_continuum_voiced
306,AAG_AAK_3_30,IHG_IHK_5_30,audio/syllable/AAG_AAK_3_30.wav,audio/syllable/IHG_IHK_5_30.wav,syllable,cross_continuum_voiced
307,AAG_AAK_3_30,UHB_UHP_5_30,audio/syllable/AAG_AAK_3_30.wav,audio/syllable/UHB_UHP_5_30.wav,syllable,cross_continuum_voiced
308,AAG_AAK_3_30,UHD_UHT_5_30,audio/syllable/AAG_AAK_3_30.wav,audio/syllable/UHD_UHT_5_30.wav,syllable,cross_continuum_voiced
309,AAG_AAK_3_30,UHG_UHK_5_30,audio/syllable/AAG_AAK_3_30.wav,audio/syllable/UHG_UHK_5_30.wav,syllable,cross_continuum_voiced
310,AHB_AHP_3_30,AAB_AAP_1_30,audio/syllable/AHB_AHP_3_30.wav,audio/syllable/AAB_AAP_1_30.wav,syllable,cross_continuum_voiced
311,AHB_AHP_3_30,AAD_AAT_5_30,audio/syllable/AHB_AHP_3_30.wav,audio/syllable/AAD_AAT_5_30.wav,syllable,cross_continuum_voiced
312,AHB_AHP_3_30,AAG_AAK_3_30,audio/syllable/AHB_AHP_3_30.wav,audio/syllable/AAG_AAK_3_30.wav,syllable,cross_continuum_voiced
313,AHB_AHP_3_30,AHD_AHT_3_30,audio/syllable/AHB_AHP_3_30.wav,audio/syllable/AHD_AHT_3_30.wav,syllable,cross_continuum_voiced
314,AHB_AHP_3_30,AHG_AHK_3_30,audio/syllable/AHB_AHP_3_30.wav,audio/syllable/AHG_AHK_3_30.wav,syllable,cross_continuum_voiced
315,AHB_AHP_3_30,IHB_IHP_5_30,audio/syllable/AHB_AHP_3_30.wav,audio/syllable/IHB_IHP_5_30.wav,syllable,cross_continuum_voiced
316,AHB_AHP_3_30,IHD_IHT_3_30,audio/syllable/AHB_AHP_3_30.wav,audio/syllable/IHD_IHT_3_30.wav,syllable,cross_continuum_voiced
317,AHB_AHP_3_30,IHG_IHK_5_30,audio/syllable/AHB_AHP_3_30.wav,audio/syllable/IHG_IHK_5_30.wav,syllable,cross_continuum_voiced
318,AHB_AHP_3_30,UHB_UHP_5_30,audio/syllable/AHB_AHP_3_30.wav,audio/syllable/UHB_UHP_5_30.wav,syllable,cross_continuum_voiced
319,AHB_AHP_3_30,UHD_UHT_5_30,audio/syllable/AHB_AHP_3_30.wav,audio/syllable/UHD_UHT_5_30.wav,syllable,cross_continuum_voiced
320,AHB_AHP_3_30,UHG_UHK_5_30,audio/syllable/AHB_AHP_3_30.wav,audio/syllable/UHG_UHK_5_30.wav,syllable,cross_continuum_voiced
321,AHD_AHT_3_30,AAB_AAP_1_30,audio/syllable/AHD_AHT_3_30.wav,audio/syllable/AAB_AAP_1_30.wav,syllable,cross_continuum_voiced
322,AHD_AHT_3_30,AAD_AAT_5_30,audio/syllable/AHD_AHT_3_30.wav,audio/syllable/AAD_AAT_5_30.wav,syllable,cross_continuum_voiced
323,AHD_AHT_3_30,AAG_AAK_3_30,audio/syllable/AHD_AHT_3_30.wav,audio/syllable/AAG_AAK_3_30.wav,syllable,cross_continuum_voiced
324,AHD_AHT_3_30,AHB_AHP_3_30,audio/syllable/AHD_AHT_3_30.wav,audio/syllable/AHB_AHP_3_30.wav,syllable,cross_continuum_voiced
325,AHD_AHT_3_30,AHG_AHK_3_30,audio/syllable/AHD_AHT_3_30.wav,audio/syllable/AHG_AHK_3_30.wav,syllable,cross_continuum_voiced
326,AHD_AHT_3_30,IHB_IHP_5_30,audio/syllable/AHD_AHT_3_30.wav,audio/syllable/IHB_IHP_5_30.wav,syllable,cross_continuum_voiced
327,AHD_AHT_3_30,IHD_IHT_3_30,audio/syllable/AHD_AHT_3_30.wav,audio/syllable/IHD_IHT_3_30.wav,syllable,cross_continuum_voiced
328,AHD_AHT_3_30,IHG_IHK_5_30,audio/syllable/AHD_AHT_3_30.wav,audio/syllable/IHG_IHK_5_30.wav,syllable,cross_continuum_voiced
329,AHD_AHT_3_30,UHB_UHP_5_30,audio/syllable/AHD_AHT_3_30.wav,audio/syllable/UHB_UHP_5_30.wav,syllable,cross_continuum_voiced
330,AHD_AHT_3_30,UHD_UHT_5_30,audio/syllable/AHD_AHT_3_30.wav,audio/syllable/UHD_UHT_5_30.wav,syllable,cross_continuum_voiced
331,AHD_AHT_3_30,UHG_UHK_5_30,audio/syllable/AHD_AHT_3_30.wav,audio/syllable/UHG_UHK_5_30.wav,syllable,cross_continuum_voiced
332,AHG_AHK_3_30,AAB_AAP_1_30,audio/syllable/AHG_AHK_3_30.wav,audio/syllable/AAB_AAP_1_30.wav,syllable,cross_continuum_voiced
333,AHG_AHK_3_30,AAD_AAT_5_30,audio/syllable/AHG_AHK_3_30.wav,audio/syllable/AAD_AAT_5_30.wav,syllable,cross_continuum_voiced
334,AHG_AHK_3_30,AAG_AAK_3_30,audio/syllable/AHG_AHK_3_30.wav,audio/syllable/AAG_AAK_3_30.wav,syllable,cross_continuum_voiced
335,AHG_AHK_3_30,AHB_AHP_3_30,audio/syllable/AHG_AHK_3_30.wav,audio/syllable/AHB_AHP_3_30.wav,syllable,cross_continuum_voiced
336,AHG_AHK_3_30,AHD_AHT_3_30,audio/syllable/AHG_AHK_3_30.wav,audio/syllable/AHD_AHT_3_30.wav,syllable,cross_continuum_voiced
337,AHG_AHK_3_30,IHB_IHP_5_30,audio/syllable/AHG_AHK_3_30.wav,audio/syllable/IHB_IHP_5_30.wav,syllable,cross_continuum_voiced
338,AHG_AHK_3_30,IHD_IHT_3_30,audio/syllable/AHG_AHK_3_30.wav,audio/syllable/IHD_IHT_3_30.wav,syllable,cross_continuum_voiced
339,AHG_AHK_3_30,IHG_IHK_5_30,audio/syllable/AHG_AHK_3_30.wav,audio/syllable/IHG_IHK_5_30.wav,syllable,cross_continuum_voiced
340,AHG_AHK_3_30,UHB_UHP_5_30,audio/syllable/AHG_AHK_3_30.wav,audio/syllable/UHB_UHP_5_30.wav,syllable,cross_continuum_voiced
341,AHG_AHK_3_30,UHD_UHT_5_30,audio/syllable/AHG_AHK_3_30.wav,audio/syllable/UHD_UHT_5_30.wav,syllable,cross_continuum_voiced
342,AHG_AHK_3_30,UHG_UHK_5_30,audio/syllable/AHG_AHK_3_30.wav,audio/syllable/UHG_UHK_5_30.wav,syllable,cross_continuum_voiced
343,IHB_IHP_5_30,AAB_AAP_1_30,audio/syllable/IHB_IHP_5_30.wav,audio/syllable/AAB_AAP_1_30.wav,syllable,cross_continuum_voiced
344,IHB_IHP_5_30,AAD_AAT_5_30,audio/syllable/IHB_IHP_5_30.wav,audio/syllable/AAD_AAT_5_30.wav,syllable,cross_continuum_voiced
345,IHB_IHP_5_30,AAG_AAK_3_30,audio/syllable/IHB_IHP_5_30.wav,audio/syllable/AAG_AAK_3_30.wav,syllable,cross_continuum_voiced
346,IHB_IHP_5_30,AHB_AHP_3_30,audio/syllable/IHB_IHP_5_30.wav,audio/syllable/AHB_AHP_3_30.wav,syllable,cross_continuum_voiced
347,IHB_IHP_5_30,AHD_AHT_3_30,audio/syllable/IHB_IHP_5_30.wav,audio/syllable/AHD_AHT_3_30.wav,syllable,cross_continuum_voiced
348,IHB_IHP_5_30,AHG_AHK_3_30,audio/syllable/IHB_IHP_5_30.wav,audio/syllable/AHG_AHK_3_30.wav,syllable,cross_continuum_voiced
349,IHB_IHP_5_30,IHD_IHT_3_30,audio/syllable/IHB_IHP_5_30.wav,audio/syllable/IHD_IHT_3_30.wav,syllable,cross_continuum_voiced
350,IHB_IHP_5_30,IHG_IHK_5_30,audio/syllable/IHB_IHP_5_30.wav,audio/syllable/IHG_IHK_5_30.wav,syllable,cross_continuum_voiced
351,IHB_IHP_5_30,UHB_UHP_5_30,audio/syllable/IHB_IHP_5_30.wav,audio/syllable/UHB_UHP_5_30.wav,syllable,cross_continuum_voiced
352,IHB_IHP_5_30,UHD_UHT_5_30,audio/syllable/IHB_IHP_5_30.wav,audio/syllable/UHD_UHT_5_30.wav,syllable,cross_continuum_voiced
353,IHB_IHP_5_30,UHG_UHK_5_30,audio/syllable/IHB_IHP_5_30.wav,audio/syllable/UHG_UHK_5_30.wav,syllable,cross_continuum_voiced
354,IHD_IHT_3_30,AAB_AAP_1_30,audio/syllable/IHD_IHT_3_30.wav,audio/syllable/AAB_AAP_1_30.wav,syllable,cross_continuum_voiced
355,IHD_IHT_3_30,AAD_AAT_5_30,audio/syllable/IHD_IHT_3_30.wav,audio/syllable/AAD_AAT_5_30.wav,syllable,cross_continuum_voiced
356,IHD_IHT_3_30,AAG_AAK_3_30,audio/syllable/IHD_IHT_3_30.wav,audio/syllable/AAG_AAK_3_30.wav,syllable,cross_continuum_voiced
357,IHD_IHT_3_30,AHB_AHP_3_30,audio/syllable/IHD_IHT_3_30.wav,audio/syllable/AHB_AHP_3_30.wav,syllable,cross_continuum_voiced
358,IHD_IHT_3_30,AHD_AHT_3_30,audio/syllable/IHD_IHT_3_30.wav,audio/syllable/AHD_AHT_3_30.wav,syllable,cross_continuum_voiced
359,IHD_IHT_3_30,AHG_AHK_3_30,audio/syllable/IHD_IHT_3_30.wav,audio/syllable/AHG_AHK_3_30.wav,syllable,cross_continuum_voiced
360,IHD_IHT_3_30,IHB_IHP_5_30,audio/syllable/IHD_IHT_3_30.wav,audio/syllable/IHB_IHP_5_30.wav,syllable,cross_continuum_voiced
361,IHD_IHT_3_30,IHG_IHK_5_30,audio/syllable/IHD_IHT_3_30.wav,audio/syllable/IHG_IHK_5_30.wav,syllable,cross_continuum_voiced
362,IHD_IHT_3_30,UHB_UHP_5_30,audio/syllable/IHD_IHT_3_30.wav,audio/syllable/UHB_UHP_5_30.wav,syllable,cross_continuum_voiced
363,IHD_IHT_3_30,UHD_UHT_5_30,audio/syllable/IHD_IHT_3_30.wav,audio/syllable/UHD_UHT_5_30.wav,syllable,cross_continuum_voiced
364,IHD_IHT_3_30,UHG_UHK_5_30,audio/syllable/IHD_IHT_3_30.wav,audio/syllable/UHG_UHK_5_30.wav,syllable,cross_continuum_voiced
365,IHG_IHK_5_30,AAB_AAP_1_30,audio/syllable/IHG_IHK_5_30.wav,audio/syllable/AAB_AAP_1_30.wav,syllable,cross_continuum_voiced
366,IHG_IHK_5_30,AAD_AAT_5_30,audio/syllable/IHG_IHK_5_30.wav,audio/syllable/AAD_AAT_5_30.wav,syllable,cross_continuum_voiced
367,IHG_IHK_5_30,AAG_AAK_3_30,audio/syllable/IHG_IHK_5_30.wav,audio/syllable/AAG_AAK_3_30.wav,syllable,cross_continuum_voiced
368,IHG_IHK_5_30,AHB_AHP_3_30,audio/syllable/IHG_IHK_5_30.wav,audio/syllable/AHB_AHP_3_30.wav,syllable,cross_continuum_voiced
369,IHG_IHK_5_30,AHD_AHT_3_30,audio/syllable/IHG_IHK_5_30.wav,audio/syllable/AHD_AHT_3_30.wav,syllable,cross_continuum_voiced
370,IHG_IHK_5_30,AHG_AHK_3_30,audio/syllable/IHG_IHK_5_30.wav,audio/syllable/AHG_AHK_3_30.wav,syllable,cross_continuum_voiced
371,IHG_IHK_5_30,IHB_IHP_5_30,audio/syllable/IHG_IHK_5_30.wav,audio/syllable/IHB_IHP_5_30.wav,syllable,cross_continuum_voiced
372,IHG_IHK_5_30,IHD_IHT_3_30,audio/syllable/IHG_IHK_5_30.wav,audio/syllable/IHD_IHT_3_30.wav,syllable,cross_continuum_voiced
373,IHG_IHK_5_30,UHB_UHP_5_30,audio/syllable/IHG_IHK_5_30.wav,audio/syllable/UHB_UHP_5_30.wav,syllable,cross_continuum_voiced
374,IHG_IHK_5_30,UHD_UHT_5_30,audio/syllable/IHG_IHK_5_30.wav,audio/syllable/UHD_UHT_5_30.wav,syllable,cross_continuum_voiced
375,IHG_IHK_5_30,UHG_UHK_5_30,audio/syllable/IHG_IHK_5_30.wav,audio/syllable/UHG_UHK_5_30.wav,syllable,cross_continuum_voiced
376,UHB_UHP_5_30,AAB_AAP_1_30,audio/syllable/UHB_UHP_5_30.wav,audio/syllable/AAB_AAP_1_30.wav,syllable,cross_continuum_voiced
377,UHB_UHP_5_30,AAD_AAT_5_30,audio/syllable/UHB_UHP_5_30.wav,audio/syllable/AAD_AAT_5_30.wav,syllable,cross_continuum_voiced
378,UHB_UHP_5_30,AAG_AAK_3_30,audio/syllable/UHB_UHP_5_30.wav,audio/syllable/AAG_AAK_3_30.wav,syllable,cross_continuum_voiced
379,UHB_UHP_5_30,AHB_AHP_3_30,audio/syllable/UHB_UHP_5_30.wav,audio/syllable/AHB_AHP_3_30.wav,syllable,cross_continuum_voiced
380,UHB_UHP_5_30,AHD_AHT_3_30,audio/syllable/UHB_UHP_5_30.wav,audio/syllable/AHD_AHT_3_30.wav,syllable,cross_continuum_voiced
381,UHB_UHP_5_30,AHG_AHK_3_30,audio/syllable/UHB_UHP_5_30.wav,audio/syllable/AHG_AHK_3_30.wav,syllable,cross_continuum_voiced
382,UHB_UHP_5_30,IHB_IHP_5_30,audio/syllable/UHB_UHP_5_30.wav,audio/syllable/IHB_IHP_5_30.wav,syllable,cross_continuum_voiced
383,UHB_UHP_5_30,IHD_IHT_3_30,audio/syllable/UHB_UHP_5_30.wav,audio/syllable/IHD_IHT_3_30.wav,syllable,cross_continuum_voiced
384,UHB_UHP_5_30,IHG_IHK_5_30,audio/syllable/UHB_UHP_5_30.wav,audio/syllable/IHG_IHK_5_30.wav,syllable,cross_continuum_voiced
385,UHB_UHP_5_30,UHD_UHT_5_30,audio/syllable/UHB_UHP_5_30.wav,audio/syllable/UHD_UHT_5_30.wav,syllable,cross_continuum_voiced
386,UHB_UHP_5_30,UHG_UHK_5_30,audio/syllable/UHB_UHP_5_30.wav,audio/syllable/UHG_UHK_5_30.wav,syllable,cross_continuum_voiced
387,UHD_UHT_5_30,AAB_AAP_1_30,audio/syllable/UHD_UHT_5_30.wav,audio/syllable/AAB_AAP_1_30.wav,syllable,cross_continuum_voiced
388,UHD_UHT_5_30,AAD_AAT_5_30,audio/syllable/UHD_UHT_5_30.wav,audio/syllable/AAD_AAT_5_30.wav,syllable,cross_continuum_voiced
389,UHD_UHT_5_30,AAG_AAK_3_30,audio/syllable/UHD_UHT_5_30.wav,audio/syllable/AAG_AAK_3_30.wav,syllable,cross_continuum_voiced
390,UHD_UHT_5_30,AHB_AHP_3_30,audio/syllable/UHD_UHT_5_30.wav,audio/syllable/AHB_AHP_3_30.wav,syllable,cross_continuum_voiced
391,UHD_UHT_5_30,AHD_AHT_3_30,audio/syllable/UHD_UHT_5_30.wav,audio/syllable/AHD_AHT_3_30.wav,syllable,cross_continuum_voiced
392,UHD_UHT_5_30,AHG_AHK_3_30,audio/syllable/UHD_UHT_5_30.wav,audio/syllable/AHG_AHK_3_30.wav,syllable,cross_continuum_voiced
393,UHD_UHT_5_30,IHB_IHP_5_30,audio/syllable/UHD_UHT_5_30.wav,audio/syllable/IHB_IHP_5_30.wav,syllable,cross_continuum_voiced
394,UHD_UHT_5_30,IHD_IHT_3_30,audio/syllable/UHD_UHT_5_30.wav,audio/syllable/IHD_IHT_3_30.wav,syllable,cross_continuum_voiced
395,UHD_UHT_5_30,IHG_IHK_5_30,audio/syllable/UHD_UHT_5_30.wav,audio/syllable/IHG_IHK_5_30.wav,syllable,cross_continuum_voiced
396,UHD_UHT_5_30,UHB_UHP_5_30,audio/syllable/UHD_UHT_5_30.wav,audio/syllable/UHB_UHP_5_30.wav,syllable,cross_continuum_voiced
397,UHD_UHT_5_30,UHG_UHK_5_30,audio/syllable/UHD_UHT_5_30.wav,audio/syllable/UHG_UHK_5_30.wav,syllable,cross_continuum_voiced
398,UHG_UHK_5_30,AAB_AAP_1_30,audio/syllable/UHG_UHK_5_30.wav,audio/syllable/AAB_AAP_1_30.wav,syllable,cross_continuum_voiced
399,UHG_UHK_5_30,AAD_AAT_5_30,audio/syllable/UHG_UHK_5_30.wav,audio/syllable/AAD_AAT_5_30.wav,syllable,cross_continuum_voiced
400,UHG_UHK_5_30,AAG_AAK_3_30,audio/syllable/UHG_UHK_5_30.wav,audio/syllable/AAG_AAK_3_30.wav,syllable,cross_continuum_voiced
401,UHG_UHK_5_30,AHB_AHP_3_30,audio/syllable/UHG_UHK_5_30.wav,audio/syllable/AHB_AHP_3_30.wav,syllable,cross_continuum_voiced
402,UHG_UHK_5_30,AHD_AHT_3_30,audio/syllable/UHG_UHK_5_30.wav,audio/syllable/AHD_AHT_3_30.wav,syllable,cross_continuum_voiced
403,UHG_UHK_5_30,AHG_AHK_3_30,audio/syllable/UHG_UHK_5_30.wav,audio/syllable/AHG_AHK_3_30.wav,syllable,cross_continuum_voiced
404,UHG_UHK_5_30,IHB_IHP_5_30,audio/syllable/UHG_UHK_5_30.wav,audio/syllable/IHB_IHP_5_30.wav,syllable,cross_continuum_voiced
405,UHG_UHK_5_30,IHD_IHT_3_30,audio/syllable/UHG_UHK_5_30.wav,audio/syllable/IHD_IHT_3_30.wav,syllable,cross_continuum_voiced
406,UHG_UHK_5_30,IHG_IHK_5_30,audio/syllable/UHG_UHK_5_30.wav,audio/syllable/IHG_IHK_5_30.wav,syllable,cross_continuum_voiced
407,UHG_UHK_5_30,UHB_UHP_5_30,audio/syllable/UHG_UHK_5_30.wav,audio/syllable/UHB_UHP_5_30.wav,syllable,cross_continuum_voiced
408,UHG_UHK_5_30,UHD_UHT_5_30,audio/syllable/UHG_UHK_5_30.wav,audio/syllable/UHD_UHT_5_30.wav,syllable,cross_continuum_voiced