group,phase,type,audio,vowel,match,same_onset,needs_match_onset,visual_target,correct,repetition,normed_midpoint,voiced_sel,voiceless_sel,match_sel,mismatch_sel,step,tone_step,path,code
b_group,exposure,crit_amb,Ballerina,NA,1,1,2,Ballerina,yes,1,NA,NA,NA,SAME,DIFFERENT,15,NA,audio/ambiguous_b/Ballerina_Pallerina_1_15.wav,1
b_group,exposure,crit_amb,Balloon,NA,0,0,0,Enlarge,no,1,NA,NA,NA,SAME,DIFFERENT,12,NA,audio/ambiguous_b/Balloon_Palloon_3_12.wav,2
b_group,exposure,crit_amb,Baloney,NA,1,1,2,Baloney,yes,1,NA,NA,NA,SAME,DIFFERENT,10,NA,audio/ambiguous_b/Baloney_Paloney_1_10.wav,3
b_group,exposure,crit_amb,Banana,NA,1,1,2,Banana,yes,1,NA,NA,NA,SAME,DIFFERENT,17,NA,audio/ambiguous_b/Banana_Panana_3_17.wav,4
b_group,exposure,crit_amb,Barely,NA,1,1,2,Barely,yes,1,NA,NA,NA,SAME,DIFFERENT,7,NA,audio/ambiguous_b/Barely_Parely_1_7.wav,5
b_group,exposure,crit_amb,Barn,NA,0,1,1,Bark,no,1,NA,NA,NA,SAME,DIFFERENT,20,NA,audio/ambiguous_b/Barn_Parn_1_20.wav,6
b_group,exposure,crit_amb,Barren,NA,1,1,2,Barren,yes,1,NA,NA,NA,SAME,DIFFERENT,17,NA,audio/ambiguous_b/Barren_Parren_3_17.wav,7
b_group,exposure,crit_amb,Belly,NA,0,1,1,Berry,no,1,NA,NA,NA,SAME,DIFFERENT,17,NA,audio/ambiguous_b/Belly_Pelly_3_17.wav,8
b_group,exposure,crit_amb,Benign,NA,1,1,2,Benign,yes,1,NA,NA,NA,SAME,DIFFERENT,14,NA,audio/ambiguous_b/Benign_Penign_3_14.wav,9
b_group,exposure,crit_amb,Biannual,NA,1,1,2,Biannual,yes,1,NA,NA,NA,SAME,DIFFERENT,7,NA,audio/ambiguous_b/Biannual_Piannual_3_7.wav,10
b_group,exposure,crit_amb,Billion,NA,0,1,1,Bitter,no,1,NA,NA,NA,SAME,DIFFERENT,18,NA,audio/ambiguous_b/Billion_Pillion_3_18.wav,11
b_group,exposure,crit_amb,Billionaire,NA,1,1,2,Billionaire,yes,1,NA,NA,NA,SAME,DIFFERENT,8,NA,audio/ambiguous_b/Billionaire_Pillionaire_3_8.wav,12
b_group,exposure,crit_amb,Blue,NA,0,0,0,Colleague,no,1,NA,NA,NA,SAME,DIFFERENT,17,NA,audio/ambiguous_b/Blue_Plue_3_17.wav,13
b_group,exposure,crit_amb,Boil,NA,1,1,2,Boil,yes,1,NA,NA,NA,SAME,DIFFERENT,15,NA,audio/ambiguous_b/Boil_Poil_1_15.wav,14
b_group,exposure,crit_amb,Boom,NA,1,1,2,Boom,yes,1,NA,NA,NA,SAME,DIFFERENT,15,NA,audio/ambiguous_b/Boom_Poom_1_15.wav,15
b_group,exposure,crit_amb,Brain,NA,1,1,2,Brain,yes,1,NA,NA,NA,SAME,DIFFERENT,19,NA,audio/ambiguous_b/Brain_Prain_3_19.wav,16
b_group,exposure,crit_amb,Brewery,NA,1,1,2,Brewery,yes,1,NA,NA,NA,SAME,DIFFERENT,13,NA,audio/ambiguous_b/Brewery_Prewery_1_13.wav,17
b_group,exposure,crit_amb,Brown,NA,1,1,2,Brown,yes,1,NA,NA,NA,SAME,DIFFERENT,11,NA,audio/ambiguous_b/Brown_Prown_3_11.wav,18
b_group,exposure,crit_amb,Burial,NA,1,1,2,Burial,yes,1,NA,NA,NA,SAME,DIFFERENT,17,NA,audio/ambiguous_b/Burial_Purial_1_17.wav,19
b_group,exposure,crit_amb,Burrow,NA,1,1,2,Burrow,yes,1,NA,NA,NA,SAME,DIFFERENT,9,NA,audio/ambiguous_b/Burrow_Purrow_3_9.wav,20
b_group,exposure,crit_unamb,Parallel,NA,1,1,2,Parallel,yes,1,NA,NA,NA,SAME,DIFFERENT,0,NA,audio/unambiguous_p/Barallel_Parallel_4_00.wav,21
b_group,exposure,crit_unamb,Parlor,NA,0,0,0,Neutral,no,1,NA,NA,NA,SAME,DIFFERENT,0,NA,audio/unambiguous_p/Barlor_Parlor_4_00.wav,22
b_group,exposure,crit_unamb,Pawn,NA,1,1,2,Pawn,yes,1,NA,NA,NA,SAME,DIFFERENT,0,NA,audio/unambiguous_p/Bawn_Pawn_2_00.wav,23
b_group,exposure,crit_unamb,Peninsula,NA,1,1,2,Peninsula,yes,1,NA,NA,NA,SAME,DIFFERENT,0,NA,audio/unambiguous_p/Beninsula_Peninsula_2_00.wav,24
b_group,exposure,crit_unamb,Perform,NA,1,1,2,Perform,yes,1,NA,NA,NA,SAME,DIFFERENT,0,NA,audio/unambiguous_p/Berform_Perform_2_00.wav,25
b_group,exposure,crit_unamb,Pioneer,NA,0,1,1,Pillow,no,1,NA,NA,NA,SAME,DIFFERENT,0,NA,audio/unambiguous_p/Bioneer_Pioneer_4_00.wav,26
b_group,exposure,crit_unamb,Planner,NA,1,1,2,Planner,yes,1,NA,NA,NA,SAME,DIFFERENT,0,NA,audio/unambiguous_p/Blanner_Planner_2_00.wav,27
b_group,exposure,crit_unamb,Plea,NA,0,1,1,Pick,no,1,NA,NA,NA,SAME,DIFFERENT,0,NA,audio/unambiguous_p/Blea_Plea_2_00.wav,28
b_group,exposure,crit_unamb,Plyer,NA,1,1,2,Plyer,yes,1,NA,NA,NA,SAME,DIFFERENT,0,NA,audio/unambiguous_p/Blyer_Plyer_2_00.wav,29
b_group,exposure,crit_unamb,Pollen,NA,1,1,2,Pollen,yes,1,NA,NA,NA,SAME,DIFFERENT,0,NA,audio/unambiguous_p/Bollen_Pollen_2_00.wav,30
b_group,exposure,crit_unamb,Polymer,NA,0,1,1,Pottery,no,1,NA,NA,NA,SAME,DIFFERENT,0,NA,audio/unambiguous_p/Bolymer_Polymer_2_00.wav,31
b_group,exposure,crit_unamb,Prayer,NA,1,1,2,Prayer,yes,1,NA,NA,NA,SAME,DIFFERENT,0,NA,audio/unambiguous_p/Brayer_Prayer_2_00.wav,32
b_group,exposure,crit_unamb,Preliminary,NA,0,0,0,Temple,no,1,NA,NA,NA,SAME,DIFFERENT,0,NA,audio/unambiguous_p/Breliminary_Preliminary_2_00.wav,33
b_group,exposure,crit_unamb,Premier,NA,1,1,2,Premier,yes,1,NA,NA,NA,SAME,DIFFERENT,0,NA,audio/unambiguous_p/Bremier_Premier_2_00.wav,34
b_group,exposure,crit_unamb,Primal,NA,1,1,2,Primal,yes,1,NA,NA,NA,SAME,DIFFERENT,0,NA,audio/unambiguous_p/Brimal_Primal_2_00.wav,35
b_group,exposure,crit_unamb,Prime,NA,1,1,2,Prime,yes,1,NA,NA,NA,SAME,DIFFERENT,0,NA,audio/unambiguous_p/Brime_Prime_2_00.wav,36
b_group,exposure,crit_unamb,Prior,NA,1,1,2,Prior,yes,1,NA,NA,NA,SAME,DIFFERENT,0,NA,audio/unambiguous_p/Brior_Prior_2_00.wav,37
b_group,exposure,crit_unamb,Prowl,NA,1,1,2,Prowl,yes,1,NA,NA,NA,SAME,DIFFERENT,0,NA,audio/unambiguous_p/Browl_Prowl_2_00.wav,38
b_group,exposure,crit_unamb,Pry,NA,1,1,2,Pry,yes,1,NA,NA,NA,SAME,DIFFERENT,0,NA,audio/unambiguous_p/Bry_Pry_2_00.wav,39
b_group,exposure,crit_unamb,Pylon,NA,1,1,2,Pylon,yes,1,NA,NA,NA,SAME,DIFFERENT,0,NA,audio/unambiguous_p/Bylon_Pylon_2_00.wav,40
b_group,exposure_set,fill_word,Aisle,NA,0,0,0,Outfit,no,1,NA,NA,NA,SAME,DIFFERENT,NA,NA,audio/filler/Aisle_1.wav,41
b_group,exposure,fill_word,Ally,NA,0,1,1,Agile,no,1,NA,NA,NA,SAME,DIFFERENT,NA,NA,audio/filler/Ally_1.wav,42
b_group,exposure,fill_word,Area,NA,0,1,1,Arrogant,no,1,NA,NA,NA,SAME,DIFFERENT,NA,NA,audio/filler/Area_1.wav,43
b_group,exposure,fill_word,Arena,NA,1,1,2,Arena,yes,1,NA,NA,NA,SAME,DIFFERENT,NA,NA,audio/filler/Arena_1.wav,44
b_group,exposure,fill_word,Arrow,NA,0,1,1,Ambition,no,1,NA,NA,NA,SAME,DIFFERENT,NA,NA,audio/filler/Arrow_1.wav,45
b_group,exposure,fill_word,Assume,NA,1,1,2,Assume,yes,1,NA,NA,NA,SAME,DIFFERENT,NA,NA,audio/filler/Assume_1.wav,46
b_group,exposure,fill_word,Aware,NA,0,1,1,Arrest,no,1,NA,NA,NA,SAME,DIFFERENT,NA,NA,audio/filler/Aware_1.wav,47
b_group,exposure,fill_word,Enemy,NA,0,1,1,Energy,no,1,NA,NA,NA,SAME,DIFFERENT,NA,NA,audio/filler/Enemy_1.wav,48
b_group,exposure,fill_word,Ensure,NA,1,1,2,Ensure,yes,1,NA,NA,NA,SAME,DIFFERENT,NA,NA,audio/filler/Ensure_1.wav,49
b_group,exposure,fill_word,Error,NA,0,0,0,Lonely,no,1,NA,NA,NA,SAME,DIFFERENT,NA,NA,audio/filler/Error_1.wav,50
b_group,exposure,fill_word,Eye,NA,0,0,0,Verdict,no,1,NA,NA,NA,SAME,DIFFERENT,NA,NA,audio/filler/Eye_1.wav,51
b_group,exposure,fill_word,Failure,NA,1,1,2,Failure,yes,1,NA,NA,NA,SAME,DIFFERENT,NA,NA,audio/filler/Failure_1.wav,52
b_group,exposure,fill_word,Famous,NA,0,0,0,Loss,no,1,NA,NA,NA,SAME,DIFFERENT,NA,NA,audio/filler/Famous_1.wav,53
b_group,exposure,fill_word,Flower,NA,0,1,1,Flourish,no,1,NA,NA,NA,SAME,DIFFERENT,NA,NA,audio/filler/Flower_1.wav,54
b_group,exposure,fill_word,Frame,NA,0,1,1,Frown,no,1,NA,NA,NA,SAME,DIFFERENT,NA,NA,audio/filler/Frame_1.wav,55
b_group,exposure,fill_word,Funnel,NA,0,0,0,Deny,no,1,NA,NA,NA,SAME,DIFFERENT,NA,NA,audio/filler/Funnel_1.wav,56
b_group,exposure,fill_word,Hallway,NA,0,1,1,Harvest,no,1,NA,NA,NA,SAME,DIFFERENT,NA,NA,audio/filler/Hallway_1.wav,57
b_group,exposure,fill_word,Hang,NA,1,1,2,Hang,yes,1,NA,NA,NA,SAME,DIFFERENT,NA,NA,audio/filler/Hang_1.wav,58
b_group,exposure_set,fill_word,Harmony,NA,0,1,1,Habitat,no,1,NA,NA,NA,SAME,DIFFERENT,NA,NA,audio/filler/Harmony_1.wav,59
b_group,exposure,fill_word,Hill,NA,1,1,2,Hill,yes,1,NA,NA,NA,SAME,DIFFERENT,NA,NA,audio/filler/Hill_1.wav,60
b_group,exposure,fill_word,Hole,NA,0,1,1,Hurl,no,1,NA,NA,NA,SAME,DIFFERENT,NA,NA,audio/filler/Hole_1.wav,61
b_group,exposure,fill_word,Horn,NA,0,1,1,Heel,no,1,NA,NA,NA,SAME,DIFFERENT,NA,NA,audio/filler/Horn_1.wav,62
b_group,exposure,fill_word,Jelly,NA,1,1,2,Jelly,yes,1,NA,NA,NA,SAME,DIFFERENT,NA,NA,audio/filler/Jelly_2.wav,63
b_group,exposure,fill_word,Jewel,NA,0,0,0,Tribute,no,1,NA,NA,NA,SAME,DIFFERENT,NA,NA,audio/filler/Jewel_1.wav,64
b_group,exposure,fill_word,Lawyer,NA,0,0,0,Advice,no,1,NA,NA,NA,SAME,DIFFERENT,NA,NA,audio/filler/Lawyer_1.wav,65
b_group,exposure,fill_word,Layer,NA,1,1,2,Layer,yes,1,NA,NA,NA,SAME,DIFFERENT,NA,NA,audio/filler/Layer_1.wav,66
b_group,exposure,fill_word,Learning,NA,1,1,2,Learning,yes,1,NA,NA,NA,SAME,DIFFERENT,NA,NA,audio/filler/Learning_1.wav,67
b_group,exposure,fill_word,Low,NA,1,1,2,Low,yes,1,NA,NA,NA,SAME,DIFFERENT,NA,NA,audio/filler/Low_1.wav,68
b_group,exposure,fill_word,Main,NA,0,1,1,Maid,no,1,NA,NA,NA,SAME,DIFFERENT,NA,NA,audio/filler/Main_1.wav,69
b_group,exposure,fill_word,Marine,NA,0,1,1,Mature,no,1,NA,NA,NA,SAME,DIFFERENT,NA,NA,audio/filler/Marine_1.wav,70
b_group,exposure,fill_word,Memory,NA,1,1,2,Memory,yes,1,NA,NA,NA,SAME,DIFFERENT,NA,NA,audio/filler/Memory_1.wav,71
b_group,exposure,fill_word,Money,NA,1,1,2,Money,yes,1,NA,NA,NA,SAME,DIFFERENT,NA,NA,audio/filler/Money_1.wav,72
b_group,exposure,fill_word,Name,NA,0,0,0,Favor,no,1,NA,NA,NA,SAME,DIFFERENT,NA,NA,audio/filler/Name_1.wav,73
b_group,exposure,fill_word,Narrow,NA,0,0,0,Ankle,no,1,NA,NA,NA,SAME,DIFFERENT,NA,NA,audio/filler/Narrow_1.wav,74
b_group,exposure,fill_word,Normal,NA,0,1,1,Nervous,no,1,NA,NA,NA,SAME,DIFFERENT,NA,NA,audio/filler/Normal_2.wav,75
b_group,exposure,fill_word,Nun,NA,1,1,2,Nun,yes,1,NA,NA,NA,SAME,DIFFERENT,NA,NA,audio/filler/Nun_1.wav,76
b_group,exposure,fill_word,Phenomenon,NA,0,0,0,Replace,no,1,NA,NA,NA,SAME,DIFFERENT,NA,NA,audio/filler/Phenomenon_1.wav,77
b_group,exposure,fill_word,Rally,NA,0,0,0,Knowledge,no,1,NA,NA,NA,SAME,DIFFERENT,NA,NA,audio/filler/Rally_1.wav,78
b_group,exposure,fill_word,Range,NA,0,0,0,Spirit,no,1,NA,NA,NA,SAME,DIFFERENT,NA,NA,audio/filler/Range_1.wav,79
b_group,exposure_set,fill_word,Real,NA,1,1,2,Real,yes,1,NA,NA,NA,SAME,DIFFERENT,NA,NA,audio/filler/Real_1.wav,80
b_group,exposure,fill_word,Reign,NA,0,0,0,Kettle,no,1,NA,NA,NA,SAME,DIFFERENT,NA,NA,audio/filler/Reign_1.wav,81
b_group,exposure,fill_word,Ring,NA,0,0,0,Retreat,no,1,NA,NA,NA,SAME,DIFFERENT,NA,NA,audio/filler/Ring_1.wav,82
b_group,exposure,fill_word,Roar,NA,1,1,2,Roar,yes,1,NA,NA,NA,SAME,DIFFERENT,NA,NA,audio/filler/Roar_1.wav,83
b_group,exposure,fill_word,Royal,NA,0,1,1,Refund,no,1,NA,NA,NA,SAME,DIFFERENT,NA,NA,audio/filler/Royal_1.wav,84
b_group,exposure,fill_word,Ruin,NA,1,1,2,Ruin,yes,1,NA,NA,NA,SAME,DIFFERENT,NA,NA,audio/filler/Ruin_1.wav,85
b_group,exposure,fill_word,Rumor,NA,1,1,2,Rumor,yes,1,NA,NA,NA,SAME,DIFFERENT,NA,NA,audio/filler/Rumor_1.wav,86
b_group,exposure,fill_word,Runner,NA,0,1,1,River,no,1,NA,NA,NA,SAME,DIFFERENT,NA,NA,audio/filler/Runner_1.wav,87
b_group,exposure,fill_word,Sailor,NA,0,0,0,Mine,no,1,NA,NA,NA,SAME,DIFFERENT,NA,NA,audio/filler/Sailor_1.wav,88
b_group,exposure,fill_word,Seal,NA,0,0,0,Chorus,no,1,NA,NA,NA,SAME,DIFFERENT,NA,NA,audio/filler/Seal_1.wav,89
b_group,exposure,fill_word,Shell,NA,0,0,0,Major,no,1,NA,NA,NA,SAME,DIFFERENT,NA,NA,audio/filler/Shell_1.wav,90
b_group,exposure,fill_word,Similar,NA,0,1,1,Seminar,no,1,NA,NA,NA,SAME,DIFFERENT,NA,NA,audio/filler/Similar_1.wav,91
b_group,exposure,fill_word,Soil,NA,0,1,1,Spoil,no,1,NA,NA,NA,SAME,DIFFERENT,NA,NA,audio/filler/Soil_1.wav,92
b_group,exposure,fill_word,Valley,NA,0,0,0,Greeting,no,1,NA,NA,NA,SAME,DIFFERENT,NA,NA,audio/filler/Valley_1.wav,93
b_group,exposure,fill_word,Vary,NA,1,1,2,Vary,yes,1,NA,NA,NA,SAME,DIFFERENT,NA,NA,audio/filler/Vary_1.wav,94
b_group,exposure,fill_word,Venue,NA,0,1,1,Vessel,no,1,NA,NA,NA,SAME,DIFFERENT,NA,NA,audio/filler/Venue_1.wav,95
b_group,exposure_set,fill_word,Violin,NA,1,1,2,Violin,yes,1,NA,NA,NA,SAME,DIFFERENT,NA,NA,audio/filler/Violin_1.wav,96
b_group,exposure,fill_word,Volume,NA,0,0,0,Physical,no,1,NA,NA,NA,SAME,DIFFERENT,NA,NA,audio/filler/Volume_1.wav,97
b_group,exposure,fill_word,Sewer,NA,0,0,0,Layout,no,1,NA,NA,NA,SAME,DIFFERENT,NA,NA,audio/filler/Sewer_1.wav,98
b_group,exposure,fill_word,Swear,NA,0,0,0,Remark,no,1,NA,NA,NA,SAME,DIFFERENT,NA,NA,audio/filler/Swear_1.wav,99
b_group,exposure,fill_word,Throne,NA,1,1,2,Throne,yes,1,NA,NA,NA,SAME,DIFFERENT,NA,NA,audio/filler/Throne_1.wav,100
b_group,test,BP_test,BAA_PAA_3_0,AA,NA,NA,NA,NA,NA,1,25,B,P,NA,NA,0,NA,audio/syllables_BP/BAA_PAA_3_0.wav,101
b_group,test,BP_test,BAA_PAA_3_8,AA,NA,NA,NA,NA,NA,1,25,B,P,NA,NA,8,NA,audio/syllables_BP/BAA_PAA_3_8.wav,102
b_group,test,BP_test,BAA_PAA_3_14,AA,NA,NA,NA,NA,NA,1,25,B,P,NA,NA,14,NA,audio/syllables_BP/BAA_PAA_3_14.wav,103
b_group,test,BP_test,BAA_PAA_3_19,AA,NA,NA,NA,NA,NA,1,25,B,P,NA,NA,19,NA,audio/syllables_BP/BAA_PAA_3_19.wav,104
b_group,test,BP_test,BAA_PAA_3_23,AA,NA,NA,NA,NA,NA,1,25,B,P,NA,NA,23,NA,audio/syllables_BP/BAA_PAA_3_23.wav,105
b_group,test,BP_test,BAA_PAA_3_25,AA,NA,NA,NA,NA,NA,1,25,B,P,NA,NA,25,NA,audio/syllables_BP/BAA_PAA_3_25.wav,106
b_group,test,BP_test,BAA_PAA_3_26,AA,NA,NA,NA,NA,NA,1,25,B,P,NA,NA,26,NA,audio/syllables_BP/BAA_PAA_3_26.wav,107
b_group,test,BP_test,BAA_PAA_3_27,AA,NA,NA,NA,NA,NA,1,25,B,P,NA,NA,27,NA,audio/syllables_BP/BAA_PAA_3_27.wav,108
b_group,test,BP_test,BAA_PAA_3_28,AA,NA,NA,NA,NA,NA,1,25,B,P,NA,NA,28,NA,audio/syllables_BP/BAA_PAA_3_28.wav,109
b_group,test,BP_test,BAA_PAA_3_29,AA,NA,NA,NA,NA,NA,1,25,B,P,NA,NA,29,NA,audio/syllables_BP/BAA_PAA_3_29.wav,110
b_group,test,BP_test,BAA_PAA_3_30,AA,NA,NA,NA,NA,NA,1,25,B,P,NA,NA,30,NA,audio/syllables_BP/BAA_PAA_3_30.wav,111
b_group,test,BP_test,BAH_PAH_3_0,AH,NA,NA,NA,NA,NA,1,20,B,P,NA,NA,0,NA,audio/syllables_BP/BAH_PAH_3_0.wav,112
b_group,test,BP_test,BAH_PAH_3_7,AH,NA,NA,NA,NA,NA,1,20,B,P,NA,NA,7,NA,audio/syllables_BP/BAH_PAH_3_7.wav,113
b_group,test,BP_test,BAH_PAH_3_13,AH,NA,NA,NA,NA,NA,1,20,B,P,NA,NA,13,NA,audio/syllables_BP/BAH_PAH_3_13.wav,114
b_group,test,BP_test,BAH_PAH_3_17,AH,NA,NA,NA,NA,NA,1,20,B,P,NA,NA,17,NA,audio/syllables_BP/BAH_PAH_3_17.wav,115
b_group,test,BP_test,BAH_PAH_3_19,AH,NA,NA,NA,NA,NA,1,20,B,P,NA,NA,19,NA,audio/syllables_BP/BAH_PAH_3_19.wav,116
b_group,test,BP_test,BAH_PAH_3_20,AH,NA,NA,NA,NA,NA,1,20,B,P,NA,NA,20,NA,audio/syllables_BP/BAH_PAH_3_20.wav,117
b_group,test,BP_test,BAH_PAH_3_21,AH,NA,NA,NA,NA,NA,1,20,B,P,NA,NA,21,NA,audio/syllables_BP/BAH_PAH_3_21.wav,118
b_group,test,BP_test,BAH_PAH_3_23,AH,NA,NA,NA,NA,NA,1,20,B,P,NA,NA,23,NA,audio/syllables_BP/BAH_PAH_3_23.wav,119
b_group,test,BP_test,BAH_PAH_3_25,AH,NA,NA,NA,NA,NA,1,20,B,P,NA,NA,25,NA,audio/syllables_BP/BAH_PAH_3_25.wav,120
b_group,test,BP_test,BAH_PAH_3_27,AH,NA,NA,NA,NA,NA,1,20,B,P,NA,NA,27,NA,audio/syllables_BP/BAH_PAH_3_27.wav,121
b_group,test,BP_test,BAH_PAH_3_30,AH,NA,NA,NA,NA,NA,1,20,B,P,NA,NA,30,NA,audio/syllables_BP/BAH_PAH_3_30.wav,122
b_group,test,BP_test,BIH_PIH_5_0,IH,NA,NA,NA,NA,NA,1,23,B,P,NA,NA,0,NA,audio/syllables_BP/BIH_PIH_5_0.wav,123
b_group,test,BP_test,BIH_PIH_5_8,IH,NA,NA,NA,NA,NA,1,23,B,P,NA,NA,8,NA,audio/syllables_BP/BIH_PIH_5_8.wav,124
b_group,test,BP_test,BIH_PIH_5_13,IH,NA,NA,NA,NA,NA,1,23,B,P,NA,NA,13,NA,audio/syllables_BP/BIH_PIH_5_13.wav,125
b_group,test,BP_test,BIH_PIH_5_17,IH,NA,NA,NA,NA,NA,1,23,B,P,NA,NA,17,NA,audio/syllables_BP/BIH_PIH_5_17.wav,126
b_group,test,BP_test,BIH_PIH_5_20,IH,NA,NA,NA,NA,NA,1,23,B,P,NA,NA,20,NA,audio/syllables_BP/BIH_PIH_5_20.wav,127
b_group,test,BP_test,BIH_PIH_5_23,IH,NA,NA,NA,NA,NA,1,23,B,P,NA,NA,23,NA,audio/syllables_BP/BIH_PIH_5_23.wav,128
b_group,test,BP_test,BIH_PIH_5_24,IH,NA,NA,NA,NA,NA,1,23,B,P,NA,NA,24,NA,audio/syllables_BP/BIH_PIH_5_24.wav,129
b_group,test,BP_test,BIH_PIH_5_25,IH,NA,NA,NA,NA,NA,1,23,B,P,NA,NA,25,NA,audio/syllables_BP/BIH_PIH_5_25.wav,130
b_group,test,BP_test,BIH_PIH_5_26,IH,NA,NA,NA,NA,NA,1,23,B,P,NA,NA,26,NA,audio/syllables_BP/BIH_PIH_5_26.wav,131
b_group,test,BP_test,BIH_PIH_5_28,IH,NA,NA,NA,NA,NA,1,23,B,P,NA,NA,28,NA,audio/syllables_BP/BIH_PIH_5_28.wav,132
b_group,test,BP_test,BIH_PIH_5_30,IH,NA,NA,NA,NA,NA,1,23,B,P,NA,NA,30,NA,audio/syllables_BP/BIH_PIH_5_30.wav,133
b_group,test,BP_test,BUH_PUH_3_0,UH,NA,NA,NA,NA,NA,1,17,B,P,NA,NA,0,NA,audio/syllables_BP/BUH_PUH_3_0.wav,134
b_group,test,BP_test,BUH_PUH_3_7,UH,NA,NA,NA,NA,NA,1,17,B,P,NA,NA,7,NA,audio/syllables_BP/BUH_PUH_3_7.wav,135
b_group,test,BP_test,BUH_PUH_3_11,UH,NA,NA,NA,NA,NA,1,17,B,P,NA,NA,11,NA,audio/syllables_BP/BUH_PUH_3_11.wav,136
b_group,test,BP_test,BUH_PUH_3_14,UH,NA,NA,NA,NA,NA,1,17,B,P,NA,NA,14,NA,audio/syllables_BP/BUH_PUH_3_14.wav,137
b_group,test,BP_test,BUH_PUH_3_16,UH,NA,NA,NA,NA,NA,1,17,B,P,NA,NA,16,NA,audio/syllables_BP/BUH_PUH_3_16.wav,138
b_group,test,BP_test,BUH_PUH_3_17,UH,NA,NA,NA,NA,NA,1,17,B,P,NA,NA,17,NA,audio/syllables_BP/BUH_PUH_3_17.wav,139
b_group,test,BP_test,BUH_PUH_3_18,UH,NA,NA,NA,NA,NA,1,17,B,P,NA,NA,18,NA,audio/syllables_BP/BUH_PUH_3_18.wav,140
b_group,test,BP_test,BUH_PUH_3_20,UH,NA,NA,NA,NA,NA,1,17,B,P,NA,NA,20,NA,audio/syllables_BP/BUH_PUH_3_20.wav,141
b_group,test,BP_test,BUH_PUH_3_23,UH,NA,NA,NA,NA,NA,1,17,B,P,NA,NA,23,NA,audio/syllables_BP/BUH_PUH_3_23.wav,142
b_group,test,BP_test,BUH_PUH_3_26,UH,NA,NA,NA,NA,NA,1,17,B,P,NA,NA,26,NA,audio/syllables_BP/BUH_PUH_3_26.wav,143
b_group,test,BP_test,BUH_PUH_3_30,UH,NA,NA,NA,NA,NA,1,17,B,P,NA,NA,30,NA,audio/syllables_BP/BUH_PUH_3_30.wav,144
b_group,test,BP_test,BAA_PAA_3_0,AA,NA,NA,NA,NA,NA,2,25,B,P,NA,NA,0,NA,audio/syllables_BP/BAA_PAA_3_0.wav,145
b_group,test,BP_test,BAA_PAA_3_8,AA,NA,NA,NA,NA,NA,2,25,B,P,NA,NA,8,NA,audio/syllables_BP/BAA_PAA_3_8.wav,146
b_group,test,BP_test,BAA_PAA_3_14,AA,NA,NA,NA,NA,NA,2,25,B,P,NA,NA,14,NA,audio/syllables_BP/BAA_PAA_3_14.wav,147
b_group,test,BP_test,BAA_PAA_3_19,AA,NA,NA,NA,NA,NA,2,25,B,P,NA,NA,19,NA,audio/syllables_BP/BAA_PAA_3_19.wav,148
b_group,test,BP_test,BAA_PAA_3_23,AA,NA,NA,NA,NA,NA,2,25,B,P,NA,NA,23,NA,audio/syllables_BP/BAA_PAA_3_23.wav,149
b_group,test,BP_test,BAA_PAA_3_25,AA,NA,NA,NA,NA,NA,2,25,B,P,NA,NA,25,NA,audio/syllables_BP/BAA_PAA_3_25.wav,150
b_group,test,BP_test,BAA_PAA_3_26,AA,NA,NA,NA,NA,NA,2,25,B,P,NA,NA,26,NA,audio/syllables_BP/BAA_PAA_3_26.wav,151
b_group,test,BP_test,BAA_PAA_3_27,AA,NA,NA,NA,NA,NA,2,25,B,P,NA,NA,27,NA,audio/syllables_BP/BAA_PAA_3_27.wav,152
b_group,test,BP_test,BAA_PAA_3_28,AA,NA,NA,NA,NA,NA,2,25,B,P,NA,NA,28,NA,audio/syllables_BP/BAA_PAA_3_28.wav,153
b_group,test,BP_test,BAA_PAA_3_29,AA,NA,NA,NA,NA,NA,2,25,B,P,NA,NA,29,NA,audio/syllables_BP/BAA_PAA_3_29.wav,154
b_group,test,BP_test,BAA_PAA_3_30,AA,NA,NA,NA,NA,NA,2,25,B,P,NA,NA,30,NA,audio/syllables_BP/BAA_PAA_3_30.wav,155
b_group,test,BP_test,BAH_PAH_3_0,AH,NA,NA,NA,NA,NA,2,20,B,P,NA,NA,0,NA,audio/syllables_BP/BAH_PAH_3_0.wav,156
b_group,test,BP_test,BAH_PAH_3_7,AH,NA,NA,NA,NA,NA,2,20,B,P,NA,NA,7,NA,audio/syllables_BP/BAH_PAH_3_7.wav,157
b_group,test,BP_test,BAH_PAH_3_13,AH,NA,NA,NA,NA,NA,2,20,B,P,NA,NA,13,NA,audio/syllables_BP/BAH_PAH_3_13.wav,158
b_group,test,BP_test,BAH_PAH_3_17,AH,NA,NA,NA,NA,NA,2,20,B,P,NA,NA,17,NA,audio/syllables_BP/BAH_PAH_3_17.wav,159
b_group,test,BP_test,BAH_PAH_3_19,AH,NA,NA,NA,NA,NA,2,20,B,P,NA,NA,19,NA,audio/syllables_BP/BAH_PAH_3_19.wav,160
b_group,test,BP_test,BAH_PAH_3_20,AH,NA,NA,NA,NA,NA,2,20,B,P,NA,NA,20,NA,audio/syllables_BP/BAH_PAH_3_20.wav,161
b_group,test,BP_test,BAH_PAH_3_21,AH,NA,NA,NA,NA,NA,2,20,B,P,NA,NA,21,NA,audio/syllables_BP/BAH_PAH_3_21.wav,162
b_group,test,BP_test,BAH_PAH_3_23,AH,NA,NA,NA,NA,NA,2,20,B,P,NA,NA,23,NA,audio/syllables_BP/BAH_PAH_3_23.wav,163
b_group,test,BP_test,BAH_PAH_3_25,AH,NA,NA,NA,NA,NA,2,20,B,P,NA,NA,25,NA,audio/syllables_BP/BAH_PAH_3_25.wav,164
b_group,test,BP_test,BAH_PAH_3_27,AH,NA,NA,NA,NA,NA,2,20,B,P,NA,NA,27,NA,audio/syllables_BP/BAH_PAH_3_27.wav,165
b_group,test,BP_test,BAH_PAH_3_30,AH,NA,NA,NA,NA,NA,2,20,B,P,NA,NA,30,NA,audio/syllables_BP/BAH_PAH_3_30.wav,166
b_group,test,BP_test,BIH_PIH_5_0,IH,NA,NA,NA,NA,NA,2,23,B,P,NA,NA,0,NA,audio/syllables_BP/BIH_PIH_5_0.wav,167
b_group,test,BP_test,BIH_PIH_5_8,IH,NA,NA,NA,NA,NA,2,23,B,P,NA,NA,8,NA,audio/syllables_BP/BIH_PIH_5_8.wav,168
b_group,test,BP_test,BIH_PIH_5_13,IH,NA,NA,NA,NA,NA,2,23,B,P,NA,NA,13,NA,audio/syllables_BP/BIH_PIH_5_13.wav,169
b_group,test,BP_test,BIH_PIH_5_17,IH,NA,NA,NA,NA,NA,2,23,B,P,NA,NA,17,NA,audio/syllables_BP/BIH_PIH_5_17.wav,170
b_group,test,BP_test,BIH_PIH_5_20,IH,NA,NA,NA,NA,NA,2,23,B,P,NA,NA,20,NA,audio/syllables_BP/BIH_PIH_5_20.wav,171
b_group,test,BP_test,BIH_PIH_5_23,IH,NA,NA,NA,NA,NA,2,23,B,P,NA,NA,23,NA,audio/syllables_BP/BIH_PIH_5_23.wav,172
b_group,test,BP_test,BIH_PIH_5_24,IH,NA,NA,NA,NA,NA,2,23,B,P,NA,NA,24,NA,audio/syllables_BP/BIH_PIH_5_24.wav,173
b_group,test,BP_test,BIH_PIH_5_25,IH,NA,NA,NA,NA,NA,2,23,B,P,NA,NA,25,NA,audio/syllables_BP/BIH_PIH_5_25.wav,174
b_group,test,BP_test,BIH_PIH_5_26,IH,NA,NA,NA,NA,NA,2,23,B,P,NA,NA,26,NA,audio/syllables_BP/BIH_PIH_5_26.wav,175
b_group,test,BP_test,BIH_PIH_5_28,IH,NA,NA,NA,NA,NA,2,23,B,P,NA,NA,28,NA,audio/syllables_BP/BIH_PIH_5_28.wav,176
b_group,test,BP_test,BIH_PIH_5_30,IH,NA,NA,NA,NA,NA,2,23,B,P,NA,NA,30,NA,audio/syllables_BP/BIH_PIH_5_30.wav,177
b_group,test,BP_test,BUH_PUH_3_0,UH,NA,NA,NA,NA,NA,2,17,B,P,NA,NA,0,NA,audio/syllables_BP/BUH_PUH_3_0.wav,178
b_group,test,BP_test,BUH_PUH_3_7,UH,NA,NA,NA,NA,NA,2,17,B,P,NA,NA,7,NA,audio/syllables_BP/BUH_PUH_3_7.wav,179
b_group,test,BP_test,BUH_PUH_3_11,UH,NA,NA,NA,NA,NA,2,17,B,P,NA,NA,11,NA,audio/syllables_BP/BUH_PUH_3_11.wav,180
b_group,test,BP_test,BUH_PUH_3_14,UH,NA,NA,NA,NA,NA,2,17,B,P,NA,NA,14,NA,audio/syllables_BP/BUH_PUH_3_14.wav,181
b_group,test,BP_test,BUH_PUH_3_16,UH,NA,NA,NA,NA,NA,2,17,B,P,NA,NA,16,NA,audio/syllables_BP/BUH_PUH_3_16.wav,182
b_group,test,BP_test,BUH_PUH_3_17,UH,NA,NA,NA,NA,NA,2,17,B,P,NA,NA,17,NA,audio/syllables_BP/BUH_PUH_3_17.wav,183
b_group,test,BP_test,BUH_PUH_3_18,UH,NA,NA,NA,NA,NA,2,17,B,P,NA,NA,18,NA,audio/syllables_BP/BUH_PUH_3_18.wav,184
b_group,test,BP_test,BUH_PUH_3_20,UH,NA,NA,NA,NA,NA,2,17,B,P,NA,NA,20,NA,audio/syllables_BP/BUH_PUH_3_20.wav,185
b_group,test,BP_test,BUH_PUH_3_23,UH,NA,NA,NA,NA,NA,2,17,B,P,NA,NA,23,NA,audio/syllables_BP/BUH_PUH_3_23.wav,186
b_group,test,BP_test,BUH_PUH_3_26,UH,NA,NA,NA,NA,NA,2,17,B,P,NA,NA,26,NA,audio/syllables_BP/BUH_PUH_3_26.wav,187
b_group,test,BP_test,BUH_PUH_3_30,UH,NA,NA,NA,NA,NA,2,17,B,P,NA,NA,30,NA,audio/syllables_BP/BUH_PUH_3_30.wav,188
b_group,test,BP_test,BAA_PAA_3_0,AA,NA,NA,NA,NA,NA,3,25,B,P,NA,NA,0,NA,audio/syllables_BP/BAA_PAA_3_0.wav,189
b_group,test,BP_test,BAA_PAA_3_8,AA,NA,NA,NA,NA,NA,3,25,B,P,NA,NA,8,NA,audio/syllables_BP/BAA_PAA_3_8.wav,190
b_group,test,BP_test,BAA_PAA_3_14,AA,NA,NA,NA,NA,NA,3,25,B,P,NA,NA,14,NA,audio/syllables_BP/BAA_PAA_3_14.wav,191
b_group,test,BP_test,BAA_PAA_3_19,AA,NA,NA,NA,NA,NA,3,25,B,P,NA,NA,19,NA,audio/syllables_BP/BAA_PAA_3_19.wav,192
b_group,test,BP_test,BAA_PAA_3_23,AA,NA,NA,NA,NA,NA,3,25,B,P,NA,NA,23,NA,audio/syllables_BP/BAA_PAA_3_23.wav,193
b_group,test,BP_test,BAA_PAA_3_25,AA,NA,NA,NA,NA,NA,3,25,B,P,NA,NA,25,NA,audio/syllables_BP/BAA_PAA_3_25.wav,194
b_group,test,BP_test,BAA_PAA_3_26,AA,NA,NA,NA,NA,NA,3,25,B,P,NA,NA,26,NA,audio/syllables_BP/BAA_PAA_3_26.wav,195
b_group,test,BP_test,BAA_PAA_3_27,AA,NA,NA,NA,NA,NA,3,25,B,P,NA,NA,27,NA,audio/syllables_BP/BAA_PAA_3_27.wav,196
b_group,test,BP_test,BAA_PAA_3_28,AA,NA,NA,NA,NA,NA,3,25,B,P,NA,NA,28,NA,audio/syllables_BP/BAA_PAA_3_28.wav,197
b_group,test,BP_test,BAA_PAA_3_29,AA,NA,NA,NA,NA,NA,3,25,B,P,NA,NA,29,NA,audio/syllables_BP/BAA_PAA_3_29.wav,198
b_group,test,BP_test,BAA_PAA_3_30,AA,NA,NA,NA,NA,NA,3,25,B,P,NA,NA,30,NA,audio/syllables_BP/BAA_PAA_3_30.wav,199
b_group,test,BP_test,BAH_PAH_3_0,AH,NA,NA,NA,NA,NA,3,20,B,P,NA,NA,0,NA,audio/syllables_BP/BAH_PAH_3_0.wav,200
b_group,test,BP_test,BAH_PAH_3_7,AH,NA,NA,NA,NA,NA,3,20,B,P,NA,NA,7,NA,audio/syllables_BP/BAH_PAH_3_7.wav,201
b_group,test,BP_test,BAH_PAH_3_13,AH,NA,NA,NA,NA,NA,3,20,B,P,NA,NA,13,NA,audio/syllables_BP/BAH_PAH_3_13.wav,202
b_group,test,BP_test,BAH_PAH_3_17,AH,NA,NA,NA,NA,NA,3,20,B,P,NA,NA,17,NA,audio/syllables_BP/BAH_PAH_3_17.wav,203
b_group,test,BP_test,BAH_PAH_3_19,AH,NA,NA,NA,NA,NA,3,20,B,P,NA,NA,19,NA,audio/syllables_BP/BAH_PAH_3_19.wav,204
b_group,test,BP_test,BAH_PAH_3_20,AH,NA,NA,NA,NA,NA,3,20,B,P,NA,NA,20,NA,audio/syllables_BP/BAH_PAH_3_20.wav,205
b_group,test,BP_test,BAH_PAH_3_21,AH,NA,NA,NA,NA,NA,3,20,B,P,NA,NA,21,NA,audio/syllables_BP/BAH_PAH_3_21.wav,206
b_group,test,BP_test,BAH_PAH_3_23,AH,NA,NA,NA,NA,NA,3,20,B,P,NA,NA,23,NA,audio/syllables_BP/BAH_PAH_3_23.wav,207
b_group,test,BP_test,BAH_PAH_3_25,AH,NA,NA,NA,NA,NA,3,20,B,P,NA,NA,25,NA,audio/syllables_BP/BAH_PAH_3_25.wav,208
b_group,test,BP_test,BAH_PAH_3_27,AH,NA,NA,NA,NA,NA,3,20,B,P,NA,NA,27,NA,audio/syllables_BP/BAH_PAH_3_27.wav,209
b_group,test,BP_test,BAH_PAH_3_30,AH,NA,NA,NA,NA,NA,3,20,B,P,NA,NA,30,NA,audio/syllables_BP/BAH_PAH_3_30.wav,210
b_group,test,BP_test,BIH_PIH_5_0,IH,NA,NA,NA,NA,NA,3,23,B,P,NA,NA,0,NA,audio/syllables_BP/BIH_PIH_5_0.wav,211
b_group,test,BP_test,BIH_PIH_5_8,IH,NA,NA,NA,NA,NA,3,23,B,P,NA,NA,8,NA,audio/syllables_BP/BIH_PIH_5_8.wav,212
b_group,test,BP_test,BIH_PIH_5_13,IH,NA,NA,NA,NA,NA,3,23,B,P,NA,NA,13,NA,audio/syllables_BP/BIH_PIH_5_13.wav,213
b_group,test,BP_test,BIH_PIH_5_17,IH,NA,NA,NA,NA,NA,3,23,B,P,NA,NA,17,NA,audio/syllables_BP/BIH_PIH_5_17.wav,214
b_group,test,BP_test,BIH_PIH_5_20,IH,NA,NA,NA,NA,NA,3,23,B,P,NA,NA,20,NA,audio/syllables_BP/BIH_PIH_5_20.wav,215
b_group,test,BP_test,BIH_PIH_5_23,IH,NA,NA,NA,NA,NA,3,23,B,P,NA,NA,23,NA,audio/syllables_BP/BIH_PIH_5_23.wav,216
b_group,test,BP_test,BIH_PIH_5_24,IH,NA,NA,NA,NA,NA,3,23,B,P,NA,NA,24,NA,audio/syllables_BP/BIH_PIH_5_24.wav,217
b_group,test,BP_test,BIH_PIH_5_25,IH,NA,NA,NA,NA,NA,3,23,B,P,NA,NA,25,NA,audio/syllables_BP/BIH_PIH_5_25.wav,218
b_group,test,BP_test,BIH_PIH_5_26,IH,NA,NA,NA,NA,NA,3,23,B,P,NA,NA,26,NA,audio/syllables_BP/BIH_PIH_5_26.wav,219
b_group,test,BP_test,BIH_PIH_5_28,IH,NA,NA,NA,NA,NA,3,23,B,P,NA,NA,28,NA,audio/syllables_BP/BIH_PIH_5_28.wav,220
b_group,test,BP_test,BIH_PIH_5_30,IH,NA,NA,NA,NA,NA,3,23,B,P,NA,NA,30,NA,audio/syllables_BP/BIH_PIH_5_30.wav,221
b_group,test,BP_test,BUH_PUH_3_0,UH,NA,NA,NA,NA,NA,3,17,B,P,NA,NA,0,NA,audio/syllables_BP/BUH_PUH_3_0.wav,222
b_group,test,BP_test,BUH_PUH_3_7,UH,NA,NA,NA,NA,NA,3,17,B,P,NA,NA,7,NA,audio/syllables_BP/BUH_PUH_3_7.wav,223
b_group,test,BP_test,BUH_PUH_3_11,UH,NA,NA,NA,NA,NA,3,17,B,P,NA,NA,11,NA,audio/syllables_BP/BUH_PUH_3_11.wav,224
b_group,test,BP_test,BUH_PUH_3_14,UH,NA,NA,NA,NA,NA,3,17,B,P,NA,NA,14,NA,audio/syllables_BP/BUH_PUH_3_14.wav,225
b_group,test,BP_test,BUH_PUH_3_16,UH,NA,NA,NA,NA,NA,3,17,B,P,NA,NA,16,NA,audio/syllables_BP/BUH_PUH_3_16.wav,226
b_group,test,BP_test,BUH_PUH_3_17,UH,NA,NA,NA,NA,NA,3,17,B,P,NA,NA,17,NA,audio/syllables_BP/BUH_PUH_3_17.wav,227
b_group,test,BP_test,BUH_PUH_3_18,UH,NA,NA,NA,NA,NA,3,17,B,P,NA,NA,18,NA,audio/syllables_BP/BUH_PUH_3_18.wav,228
b_group,test,BP_test,BUH_PUH_3_20,UH,NA,NA,NA,NA,NA,3,17,B,P,NA,NA,20,NA,audio/syllables_BP/BUH_PUH_3_20.wav,229
b_group,test,BP_test,BUH_PUH_3_23,UH,NA,NA,NA,NA,NA,3,17,B,P,NA,NA,23,NA,audio/syllables_BP/BUH_PUH_3_23.wav,230
b_group,test,BP_test,BUH_PUH_3_26,UH,NA,NA,NA,NA,NA,3,17,B,P,NA,NA,26,NA,audio/syllables_BP/BUH_PUH_3_26.wav,231
b_group,test,BP_test,BUH_PUH_3_30,UH,NA,NA,NA,NA,NA,3,17,B,P,NA,NA,30,NA,audio/syllables_BP/BUH_PUH_3_30.wav,232
b_group,test,DT_test,DAA_TAA_3_0,AA,NA,NA,NA,NA,NA,1,23,D,T,NA,NA,0,NA,audio/syllables_DT/DAA_TAA_3_0.wav,233
b_group,test,DT_test,DAA_TAA_3_8,AA,NA,NA,NA,NA,NA,1,23,D,T,NA,NA,8,NA,audio/syllables_DT/DAA_TAA_3_8.wav,234
b_group,test,DT_test,DAA_TAA_3_13,AA,NA,NA,NA,NA,NA,1,23,D,T,NA,NA,13,NA,audio/syllables_DT/DAA_TAA_3_13.wav,235
b_group,test,DT_test,DAA_TAA_3_17,AA,NA,NA,NA,NA,NA,1,23,D,T,NA,NA,17,NA,audio/syllables_DT/DAA_TAA_3_17.wav,236
b_group,test,DT_test,DAA_TAA_3_20,AA,NA,NA,NA,NA,NA,1,23,D,T,NA,NA,20,NA,audio/syllables_DT/DAA_TAA_3_20.wav,237
b_group,test,DT_test,DAA_TAA_3_23,AA,NA,NA,NA,NA,NA,1,23,D,T,NA,NA,23,NA,audio/syllables_DT/DAA_TAA_3_23.wav,238
b_group,test,DT_test,DAA_TAA_3_24,AA,NA,NA,NA,NA,NA,1,23,D,T,NA,NA,24,NA,audio/syllables_DT/DAA_TAA_3_24.wav,239
b_group,test,DT_test,DAA_TAA_3_25,AA,NA,NA,NA,NA,NA,1,23,D,T,NA,NA,25,NA,audio/syllables_DT/DAA_TAA_3_25.wav,240
b_group,test,DT_test,DAA_TAA_3_26,AA,NA,NA,NA,NA,NA,1,23,D,T,NA,NA,26,NA,audio/syllables_DT/DAA_TAA_3_26.wav,241
b_group,test,DT_test,DAA_TAA_3_28,AA,NA,NA,NA,NA,NA,1,23,D,T,NA,NA,28,NA,audio/syllables_DT/DAA_TAA_3_28.wav,242
b_group,test,DT_test,DAA_TAA_3_30,AA,NA,NA,NA,NA,NA,1,23,D,T,NA,NA,30,NA,audio/syllables_DT/DAA_TAA_3_30.wav,243
b_group,test,DT_test,DAH_TAH_3_0,AH,NA,NA,NA,NA,NA,1,25,D,T,NA,NA,0,NA,audio/syllables_DT/DAH_TAH_3_0.wav,244
b_group,test,DT_test,DAH_TAH_3_8,AH,NA,NA,NA,NA,NA,1,25,D,T,NA,NA,8,NA,audio/syllables_DT/DAH_TAH_3_8.wav,245
b_group,test,DT_test,DAH_TAH_3_14,AH,NA,NA,NA,NA,NA,1,25,D,T,NA,NA,14,NA,audio/syllables_DT/DAH_TAH_3_14.wav,246
b_group,test,DT_test,DAH_TAH_3_19,AH,NA,NA,NA,NA,NA,1,25,D,T,NA,NA,19,NA,audio/syllables_DT/DAH_TAH_3_19.wav,247
b_group,test,DT_test,DAH_TAH_3_23,AH,NA,NA,NA,NA,NA,1,25,D,T,NA,NA,23,NA,audio/syllables_DT/DAH_TAH_3_23.wav,248
b_group,test,DT_test,DAH_TAH_3_25,AH,NA,NA,NA,NA,NA,1,25,D,T,NA,NA,25,NA,audio/syllables_DT/DAH_TAH_3_25.wav,249
b_group,test,DT_test,DAH_TAH_3_26,AH,NA,NA,NA,NA,NA,1,25,D,T,NA,NA,26,NA,audio/syllables_DT/DAH_TAH_3_26.wav,250
b_group,test,DT_test,DAH_TAH_3_27,AH,NA,NA,NA,NA,NA,1,25,D,T,NA,NA,27,NA,audio/syllables_DT/DAH_TAH_3_27.wav,251
b_group,test,DT_test,DAH_TAH_3_28,AH,NA,NA,NA,NA,NA,1,25,D,T,NA,NA,28,NA,audio/syllables_DT/DAH_TAH_3_28.wav,252
b_group,test,DT_test,DAH_TAH_3_29,AH,NA,NA,NA,NA,NA,1,25,D,T,NA,NA,29,NA,audio/syllables_DT/DAH_TAH_3_29.wav,253
b_group,test,DT_test,DAH_TAH_3_30,AH,NA,NA,NA,NA,NA,1,25,D,T,NA,NA,30,NA,audio/syllables_DT/DAH_TAH_3_30.wav,254
b_group,test,DT_test,DIH_TIH_3_0,IH,NA,NA,NA,NA,NA,1,23,D,T,NA,NA,0,NA,audio/syllables_DT/DIH_TIH_3_0.wav,255
b_group,test,DT_test,DIH_TIH_3_8,IH,NA,NA,NA,NA,NA,1,23,D,T,NA,NA,8,NA,audio/syllables_DT/DIH_TIH_3_8.wav,256
b_group,test,DT_test,DIH_TIH_3_13,IH,NA,NA,NA,NA,NA,1,23,D,T,NA,NA,13,NA,audio/syllables_DT/DIH_TIH_3_13.wav,257
b_group,test,DT_test,DIH_TIH_3_17,IH,NA,NA,NA,NA,NA,1,23,D,T,NA,NA,18,NA,audio/syllables_DT/DIH_TIH_3_17.wav,258
b_group,test,DT_test,DIH_TIH_3_21,IH,NA,NA,NA,NA,NA,1,23,D,T,NA,NA,21,NA,audio/syllables_DT/DIH_TIH_3_21.wav,259
b_group,test,DT_test,DIH_TIH_3_23,IH,NA,NA,NA,NA,NA,1,23,D,T,NA,NA,23,NA,audio/syllables_DT/DIH_TIH_3_23.wav,260
b_group,test,DT_test,DIH_TIH_3_24,IH,NA,NA,NA,NA,NA,1,23,D,T,NA,NA,24,NA,audio/syllables_DT/DIH_TIH_3_24.wav,261
b_group,test,DT_test,DIH_TIH_3_25,IH,NA,NA,NA,NA,NA,1,23,D,T,NA,NA,25,NA,audio/syllables_DT/DIH_TIH_3_25.wav,262
b_group,test,DT_test,DIH_TIH_3_26,IH,NA,NA,NA,NA,NA,1,23,D,T,NA,NA,26,NA,audio/syllables_DT/DIH_TIH_3_26.wav,263
b_group,test,DT_test,DIH_TIH_3_28,IH,NA,NA,NA,NA,NA,1,23,D,T,NA,NA,28,NA,audio/syllables_DT/DIH_TIH_3_28.wav,264
b_group,test,DT_test,DIH_TIH_3_30,IH,NA,NA,NA,NA,NA,1,23,D,T,NA,NA,30,NA,audio/syllables_DT/DIH_TIH_3_30.wav,265
b_group,test,DT_test,DUH_TUH_3_0,UH,NA,NA,NA,NA,NA,1,23,D,T,NA,NA,0,NA,audio/syllables_DT/DUH_TUH_3_0.wav,266
b_group,test,DT_test,DUH_TUH_3_8,UH,NA,NA,NA,NA,NA,1,23,D,T,NA,NA,8,NA,audio/syllables_DT/DUH_TUH_3_8.wav,267
b_group,test,DT_test,DUH_TUH_3_13,UH,NA,NA,NA,NA,NA,1,23,D,T,NA,NA,13,NA,audio/syllables_DT/DUH_TUH_3_13.wav,268
b_group,test,DT_test,DUH_TUH_3_17,UH,NA,NA,NA,NA,NA,1,23,D,T,NA,NA,18,NA,audio/syllables_DT/DUH_TUH_3_17.wav,269
b_group,test,DT_test,DUH_TUH_3_21,UH,NA,NA,NA,NA,NA,1,23,D,T,NA,NA,21,NA,audio/syllables_DT/DUH_TUH_3_21.wav,270
b_group,test,DT_test,DUH_TUH_3_23,UH,NA,NA,NA,NA,NA,1,23,D,T,NA,NA,23,NA,audio/syllables_DT/DUH_TUH_3_23.wav,271
b_group,test,DT_test,DUH_TUH_3_24,UH,NA,NA,NA,NA,NA,1,23,D,T,NA,NA,24,NA,audio/syllables_DT/DUH_TUH_3_24.wav,272
b_group,test,DT_test,DUH_TUH_3_25,UH,NA,NA,NA,NA,NA,1,23,D,T,NA,NA,25,NA,audio/syllables_DT/DUH_TUH_3_25.wav,273
b_group,test,DT_test,DUH_TUH_3_26,UH,NA,NA,NA,NA,NA,1,23,D,T,NA,NA,26,NA,audio/syllables_DT/DUH_TUH_3_26.wav,274
b_group,test,DT_test,DUH_TUH_3_28,UH,NA,NA,NA,NA,NA,1,23,D,T,NA,NA,28,NA,audio/syllables_DT/DUH_TUH_3_28.wav,275
b_group,test,DT_test,DUH_TUH_3_30,UH,NA,NA,NA,NA,NA,1,23,D,T,NA,NA,30,NA,audio/syllables_DT/DUH_TUH_3_30.wav,276
b_group,test,DT_test,DAA_TAA_3_0,AA,NA,NA,NA,NA,NA,2,23,D,T,NA,NA,0,NA,audio/syllables_DT/DAA_TAA_3_0.wav,277
b_group,test,DT_test,DAA_TAA_3_8,AA,NA,NA,NA,NA,NA,2,23,D,T,NA,NA,8,NA,audio/syllables_DT/DAA_TAA_3_8.wav,278
b_group,test,DT_test,DAA_TAA_3_13,AA,NA,NA,NA,NA,NA,2,23,D,T,NA,NA,13,NA,audio/syllables_DT/DAA_TAA_3_13.wav,279
b_group,test,DT_test,DAA_TAA_3_17,AA,NA,NA,NA,NA,NA,2,23,D,T,NA,NA,17,NA,audio/syllables_DT/DAA_TAA_3_17.wav,280
b_group,test,DT_test,DAA_TAA_3_20,AA,NA,NA,NA,NA,NA,2,23,D,T,NA,NA,20,NA,audio/syllables_DT/DAA_TAA_3_20.wav,281
b_group,test,DT_test,DAA_TAA_3_23,AA,NA,NA,NA,NA,NA,2,23,D,T,NA,NA,23,NA,audio/syllables_DT/DAA_TAA_3_23.wav,282
b_group,test,DT_test,DAA_TAA_3_24,AA,NA,NA,NA,NA,NA,2,23,D,T,NA,NA,24,NA,audio/syllables_DT/DAA_TAA_3_24.wav,283
b_group,test,DT_test,DAA_TAA_3_25,AA,NA,NA,NA,NA,NA,2,23,D,T,NA,NA,25,NA,audio/syllables_DT/DAA_TAA_3_25.wav,284
b_group,test,DT_test,DAA_TAA_3_26,AA,NA,NA,NA,NA,NA,2,23,D,T,NA,NA,26,NA,audio/syllables_DT/DAA_TAA_3_26.wav,285
b_group,test,DT_test,DAA_TAA_3_28,AA,NA,NA,NA,NA,NA,2,23,D,T,NA,NA,28,NA,audio/syllables_DT/DAA_TAA_3_28.wav,286
b_group,test,DT_test,DAA_TAA_3_30,AA,NA,NA,NA,NA,NA,2,23,D,T,NA,NA,30,NA,audio/syllables_DT/DAA_TAA_3_30.wav,287
b_group,test,DT_test,DAH_TAH_3_0,AH,NA,NA,NA,NA,NA,2,25,D,T,NA,NA,0,NA,audio/syllables_DT/DAH_TAH_3_0.wav,288
b_group,test,DT_test,DAH_TAH_3_8,AH,NA,NA,NA,NA,NA,2,25,D,T,NA,NA,8,NA,audio/syllables_DT/DAH_TAH_3_8.wav,289
b_group,test,DT_test,DAH_TAH_3_14,AH,NA,NA,NA,NA,NA,2,25,D,T,NA,NA,14,NA,audio/syllables_DT/DAH_TAH_3_14.wav,290
b_group,test,DT_test,DAH_TAH_3_19,AH,NA,NA,NA,NA,NA,2,25,D,T,NA,NA,19,NA,audio/syllables_DT/DAH_TAH_3_19.wav,291
b_group,test,DT_test,DAH_TAH_3_23,AH,NA,NA,NA,NA,NA,2,25,D,T,NA,NA,23,NA,audio/syllables_DT/DAH_TAH_3_23.wav,292
b_group,test,DT_test,DAH_TAH_3_25,AH,NA,NA,NA,NA,NA,2,25,D,T,NA,NA,25,NA,audio/syllables_DT/DAH_TAH_3_25.wav,293
b_group,test,DT_test,DAH_TAH_3_26,AH,NA,NA,NA,NA,NA,2,25,D,T,NA,NA,26,NA,audio/syllables_DT/DAH_TAH_3_26.wav,294
b_group,test,DT_test,DAH_TAH_3_27,AH,NA,NA,NA,NA,NA,2,25,D,T,NA,NA,27,NA,audio/syllables_DT/DAH_TAH_3_27.wav,295
b_group,test,DT_test,DAH_TAH_3_28,AH,NA,NA,NA,NA,NA,2,25,D,T,NA,NA,28,NA,audio/syllables_DT/DAH_TAH_3_28.wav,296
b_group,test,DT_test,DAH_TAH_3_29,AH,NA,NA,NA,NA,NA,2,25,D,T,NA,NA,29,NA,audio/syllables_DT/DAH_TAH_3_29.wav,297
b_group,test,DT_test,DAH_TAH_3_30,AH,NA,NA,NA,NA,NA,2,25,D,T,NA,NA,30,NA,audio/syllables_DT/DAH_TAH_3_30.wav,298
b_group,test,DT_test,DIH_TIH_3_0,IH,NA,NA,NA,NA,NA,2,23,D,T,NA,NA,0,NA,audio/syllables_DT/DIH_TIH_3_0.wav,299
b_group,test,DT_test,DIH_TIH_3_8,IH,NA,NA,NA,NA,NA,2,23,D,T,NA,NA,8,NA,audio/syllables_DT/DIH_TIH_3_8.wav,300
b_group,test,DT_test,DIH_TIH_3_13,IH,NA,NA,NA,NA,NA,2,23,D,T,NA,NA,13,NA,audio/syllables_DT/DIH_TIH_3_13.wav,301
b_group,test,DT_test,DIH_TIH_3_17,IH,NA,NA,NA,NA,NA,2,23,D,T,NA,NA,18,NA,audio/syllables_DT/DIH_TIH_3_17.wav,302
b_group,test,DT_test,DIH_TIH_3_21,IH,NA,NA,NA,NA,NA,2,23,D,T,NA,NA,21,NA,audio/syllables_DT/DIH_TIH_3_21.wav,303
b_group,test,DT_test,DIH_TIH_3_23,IH,NA,NA,NA,NA,NA,2,23,D,T,NA,NA,23,NA,audio/syllables_DT/DIH_TIH_3_23.wav,304
b_group,test,DT_test,DIH_TIH_3_24,IH,NA,NA,NA,NA,NA,2,23,D,T,NA,NA,24,NA,audio/syllables_DT/DIH_TIH_3_24.wav,305
b_group,test,DT_test,DIH_TIH_3_25,IH,NA,NA,NA,NA,NA,2,23,D,T,NA,NA,25,NA,audio/syllables_DT/DIH_TIH_3_25.wav,306
b_group,test,DT_test,DIH_TIH_3_26,IH,NA,NA,NA,NA,NA,2,23,D,T,NA,NA,26,NA,audio/syllables_DT/DIH_TIH_3_26.wav,307
b_group,test,DT_test,DIH_TIH_3_28,IH,NA,NA,NA,NA,NA,2,23,D,T,NA,NA,28,NA,audio/syllables_DT/DIH_TIH_3_28.wav,308
b_group,test,DT_test,DIH_TIH_3_30,IH,NA,NA,NA,NA,NA,2,23,D,T,NA,NA,30,NA,audio/syllables_DT/DIH_TIH_3_30.wav,309
b_group,test,DT_test,DUH_TUH_3_0,UH,NA,NA,NA,NA,NA,2,23,D,T,NA,NA,0,NA,audio/syllables_DT/DUH_TUH_3_0.wav,310
b_group,test,DT_test,DUH_TUH_3_8,UH,NA,NA,NA,NA,NA,2,23,D,T,NA,NA,8,NA,audio/syllables_DT/DUH_TUH_3_8.wav,311
b_group,test,DT_test,DUH_TUH_3_13,UH,NA,NA,NA,NA,NA,2,23,D,T,NA,NA,13,NA,audio/syllables_DT/DUH_TUH_3_13.wav,312
b_group,test,DT_test,DUH_TUH_3_17,UH,NA,NA,NA,NA,NA,2,23,D,T,NA,NA,18,NA,audio/syllables_DT/DUH_TUH_3_17.wav,313
b_group,test,DT_test,DUH_TUH_3_21,UH,NA,NA,NA,NA,NA,2,23,D,T,NA,NA,21,NA,audio/syllables_DT/DUH_TUH_3_21.wav,314
b_group,test,DT_test,DUH_TUH_3_23,UH,NA,NA,NA,NA,NA,2,23,D,T,NA,NA,23,NA,audio/syllables_DT/DUH_TUH_3_23.wav,315
b_group,test,DT_test,DUH_TUH_3_24,UH,NA,NA,NA,NA,NA,2,23,D,T,NA,NA,24,NA,audio/syllables_DT/DUH_TUH_3_24.wav,316
b_group,test,DT_test,DUH_TUH_3_25,UH,NA,NA,NA,NA,NA,2,23,D,T,NA,NA,25,NA,audio/syllables_DT/DUH_TUH_3_25.wav,317
b_group,test,DT_test,DUH_TUH_3_26,UH,NA,NA,NA,NA,NA,2,23,D,T,NA,NA,26,NA,audio/syllables_DT/DUH_TUH_3_26.wav,318
b_group,test,DT_test,DUH_TUH_3_28,UH,NA,NA,NA,NA,NA,2,23,D,T,NA,NA,28,NA,audio/syllables_DT/DUH_TUH_3_28.wav,319
b_group,test,DT_test,DUH_TUH_3_30,UH,NA,NA,NA,NA,NA,2,23,D,T,NA,NA,30,NA,audio/syllables_DT/DUH_TUH_3_30.wav,320
b_group,test,DT_test,DAA_TAA_3_0,AA,NA,NA,NA,NA,NA,3,23,D,T,NA,NA,0,NA,audio/syllables_DT/DAA_TAA_3_0.wav,321
b_group,test,DT_test,DAA_TAA_3_8,AA,NA,NA,NA,NA,NA,3,23,D,T,NA,NA,8,NA,audio/syllables_DT/DAA_TAA_3_8.wav,322
b_group,test,DT_test,DAA_TAA_3_13,AA,NA,NA,NA,NA,NA,3,23,D,T,NA,NA,13,NA,audio/syllables_DT/DAA_TAA_3_13.wav,323
b_group,test,DT_test,DAA_TAA_3_17,AA,NA,NA,NA,NA,NA,3,23,D,T,NA,NA,17,NA,audio/syllables_DT/DAA_TAA_3_17.wav,324
b_group,test,DT_test,DAA_TAA_3_20,AA,NA,NA,NA,NA,NA,3,23,D,T,NA,NA,20,NA,audio/syllables_DT/DAA_TAA_3_20.wav,325
b_group,test,DT_test,DAA_TAA_3_23,AA,NA,NA,NA,NA,NA,3,23,D,T,NA,NA,23,NA,audio/syllables_DT/DAA_TAA_3_23.wav,326
b_group,test,DT_test,DAA_TAA_3_24,AA,NA,NA,NA,NA,NA,3,23,D,T,NA,NA,24,NA,audio/syllables_DT/DAA_TAA_3_24.wav,327
b_group,test,DT_test,DAA_TAA_3_25,AA,NA,NA,NA,NA,NA,3,23,D,T,NA,NA,25,NA,audio/syllables_DT/DAA_TAA_3_25.wav,328
b_group,test,DT_test,DAA_TAA_3_26,AA,NA,NA,NA,NA,NA,3,23,D,T,NA,NA,26,NA,audio/syllables_DT/DAA_TAA_3_26.wav,329
b_group,test,DT_test,DAA_TAA_3_28,AA,NA,NA,NA,NA,NA,3,23,D,T,NA,NA,28,NA,audio/syllables_DT/DAA_TAA_3_28.wav,330
b_group,test,DT_test,DAA_TAA_3_30,AA,NA,NA,NA,NA,NA,3,23,D,T,NA,NA,30,NA,audio/syllables_DT/DAA_TAA_3_30.wav,331
b_group,test,DT_test,DAH_TAH_3_0,AH,NA,NA,NA,NA,NA,3,25,D,T,NA,NA,0,NA,audio/syllables_DT/DAH_TAH_3_0.wav,332
b_group,test,DT_test,DAH_TAH_3_8,AH,NA,NA,NA,NA,NA,3,25,D,T,NA,NA,8,NA,audio/syllables_DT/DAH_TAH_3_8.wav,333
b_group,test,DT_test,DAH_TAH_3_14,AH,NA,NA,NA,NA,NA,3,25,D,T,NA,NA,14,NA,audio/syllables_DT/DAH_TAH_3_14.wav,334
b_group,test,DT_test,DAH_TAH_3_19,AH,NA,NA,NA,NA,NA,3,25,D,T,NA,NA,19,NA,audio/syllables_DT/DAH_TAH_3_19.wav,335
b_group,test,DT_test,DAH_TAH_3_23,AH,NA,NA,NA,NA,NA,3,25,D,T,NA,NA,23,NA,audio/syllables_DT/DAH_TAH_3_23.wav,336
b_group,test,DT_test,DAH_TAH_3_25,AH,NA,NA,NA,NA,NA,3,25,D,T,NA,NA,25,NA,audio/syllables_DT/DAH_TAH_3_25.wav,337
b_group,test,DT_test,DAH_TAH_3_26,AH,NA,NA,NA,NA,NA,3,25,D,T,NA,NA,26,NA,audio/syllables_DT/DAH_TAH_3_26.wav,338
b_group,test,DT_test,DAH_TAH_3_27,AH,NA,NA,NA,NA,NA,3,25,D,T,NA,NA,27,NA,audio/syllables_DT/DAH_TAH_3_27.wav,339
b_group,test,DT_test,DAH_TAH_3_28,AH,NA,NA,NA,NA,NA,3,25,D,T,NA,NA,28,NA,audio/syllables_DT/DAH_TAH_3_28.wav,340
b_group,test,DT_test,DAH_TAH_3_29,AH,NA,NA,NA,NA,NA,3,25,D,T,NA,NA,29,NA,audio/syllables_DT/DAH_TAH_3_29.wav,341
b_group,test,DT_test,DAH_TAH_3_30,AH,NA,NA,NA,NA,NA,3,25,D,T,NA,NA,30,NA,audio/syllables_DT/DAH_TAH_3_30.wav,342
b_group,test,DT_test,DIH_TIH_3_0,IH,NA,NA,NA,NA,NA,3,23,D,T,NA,NA,0,NA,audio/syllables_DT/DIH_TIH_3_0.wav,343
b_group,test,DT_test,DIH_TIH_3_8,IH,NA,NA,NA,NA,NA,3,23,D,T,NA,NA,8,NA,audio/syllables_DT/DIH_TIH_3_8.wav,344
b_group,test,DT_test,DIH_TIH_3_13,IH,NA,NA,NA,NA,NA,3,23,D,T,NA,NA,13,NA,audio/syllables_DT/DIH_TIH_3_13.wav,345
b_group,test,DT_test,DIH_TIH_3_17,IH,NA,NA,NA,NA,NA,3,23,D,T,NA,NA,18,NA,audio/syllables_DT/DIH_TIH_3_17.wav,346
b_group,test,DT_test,DIH_TIH_3_21,IH,NA,NA,NA,NA,NA,3,23,D,T,NA,NA,21,NA,audio/syllables_DT/DIH_TIH_3_21.wav,347
b_group,test,DT_test,DIH_TIH_3_23,IH,NA,NA,NA,NA,NA,3,23,D,T,NA,NA,23,NA,audio/syllables_DT/DIH_TIH_3_23.wav,348
b_group,test,DT_test,DIH_TIH_3_24,IH,NA,NA,NA,NA,NA,3,23,D,T,NA,NA,24,NA,audio/syllables_DT/DIH_TIH_3_24.wav,349
b_group,test,DT_test,DIH_TIH_3_25,IH,NA,NA,NA,NA,NA,3,23,D,T,NA,NA,25,NA,audio/syllables_DT/DIH_TIH_3_25.wav,350
b_group,test,DT_test,DIH_TIH_3_26,IH,NA,NA,NA,NA,NA,3,23,D,T,NA,NA,26,NA,audio/syllables_DT/DIH_TIH_3_26.wav,351
b_group,test,DT_test,DIH_TIH_3_28,IH,NA,NA,NA,NA,NA,3,23,D,T,NA,NA,28,NA,audio/syllables_DT/DIH_TIH_3_28.wav,352
b_group,test,DT_test,DIH_TIH_3_30,IH,NA,NA,NA,NA,NA,3,23,D,T,NA,NA,30,NA,audio/syllables_DT/DIH_TIH_3_30.wav,353
b_group,test,DT_test,DUH_TUH_3_0,UH,NA,NA,NA,NA,NA,3,23,D,T,NA,NA,0,NA,audio/syllables_DT/DUH_TUH_3_0.wav,354
b_group,test,DT_test,DUH_TUH_3_8,UH,NA,NA,NA,NA,NA,3,23,D,T,NA,NA,8,NA,audio/syllables_DT/DUH_TUH_3_8.wav,355
b_group,test,DT_test,DUH_TUH_3_13,UH,NA,NA,NA,NA,NA,3,23,D,T,NA,NA,13,NA,audio/syllables_DT/DUH_TUH_3_13.wav,356
b_group,test,DT_test,DUH_TUH_3_17,UH,NA,NA,NA,NA,NA,3,23,D,T,NA,NA,18,NA,audio/syllables_DT/DUH_TUH_3_17.wav,357
b_group,test,DT_test,DUH_TUH_3_21,UH,NA,NA,NA,NA,NA,3,23,D,T,NA,NA,21,NA,audio/syllables_DT/DUH_TUH_3_21.wav,358
b_group,test,DT_test,DUH_TUH_3_23,UH,NA,NA,NA,NA,NA,3,23,D,T,NA,NA,23,NA,audio/syllables_DT/DUH_TUH_3_23.wav,359
b_group,test,DT_test,DUH_TUH_3_24,UH,NA,NA,NA,NA,NA,3,23,D,T,NA,NA,24,NA,audio/syllables_DT/DUH_TUH_3_24.wav,360
b_group,test,DT_test,DUH_TUH_3_25,UH,NA,NA,NA,NA,NA,3,23,D,T,NA,NA,25,NA,audio/syllables_DT/DUH_TUH_3_25.wav,361
b_group,test,DT_test,DUH_TUH_3_26,UH,NA,NA,NA,NA,NA,3,23,D,T,NA,NA,26,NA,audio/syllables_DT/DUH_TUH_3_26.wav,362
b_group,test,DT_test,DUH_TUH_3_28,UH,NA,NA,NA,NA,NA,3,23,D,T,NA,NA,28,NA,audio/syllables_DT/DUH_TUH_3_28.wav,363
b_group,test,DT_test,DUH_TUH_3_30,UH,NA,NA,NA,NA,NA,3,23,D,T,NA,NA,30,NA,audio/syllables_DT/DUH_TUH_3_30.wav,364
b_group,test,GK_test,GAA_KAA_5_0,AA,NA,NA,NA,NA,NA,1,25,G,K,NA,NA,0,NA,audio/syllables_GK/GAA_KAA_5_0.wav,365
b_group,test,GK_test,GAA_KAA_5_8,AA,NA,NA,NA,NA,NA,1,25,G,K,NA,NA,8,NA,audio/syllables_GK/GAA_KAA_5_8.wav,366
b_group,test,GK_test,GAA_KAA_5_14,AA,NA,NA,NA,NA,NA,1,25,G,K,NA,NA,14,NA,audio/syllables_GK/GAA_KAA_5_14.wav,367
b_group,test,GK_test,GAA_KAA_5_19,AA,NA,NA,NA,NA,NA,1,25,G,K,NA,NA,19,NA,audio/syllables_GK/GAA_KAA_5_19.wav,368
b_group,test,GK_test,GAA_KAA_5_23,AA,NA,NA,NA,NA,NA,1,25,G,K,NA,NA,23,NA,audio/syllables_GK/GAA_KAA_5_23.wav,369
b_group,test,GK_test,GAA_KAA_5_25,AA,NA,NA,NA,NA,NA,1,25,G,K,NA,NA,25,NA,audio/syllables_GK/GAA_KAA_5_25.wav,370
b_group,test,GK_test,GAA_KAA_5_26,AA,NA,NA,NA,NA,NA,1,25,G,K,NA,NA,26,NA,audio/syllables_GK/GAA_KAA_5_26.wav,371
b_group,test,GK_test,GAA_KAA_5_27,AA,NA,NA,NA,NA,NA,1,25,G,K,NA,NA,27,NA,audio/syllables_GK/GAA_KAA_5_27.wav,372
b_group,test,GK_test,GAA_KAA_5_28,AA,NA,NA,NA,NA,NA,1,25,G,K,NA,NA,28,NA,audio/syllables_GK/GAA_KAA_5_28.wav,373
b_group,test,GK_test,GAA_KAA_5_29,AA,NA,NA,NA,NA,NA,1,25,G,K,NA,NA,29,NA,audio/syllables_GK/GAA_KAA_5_29.wav,374
b_group,test,GK_test,GAA_KAA_5_30,AA,NA,NA,NA,NA,NA,1,25,G,K,NA,NA,30,NA,audio/syllables_GK/GAA_KAA_5_30.wav,375
b_group,test,GK_test,GAH_KAH_3_0,AH,NA,NA,NA,NA,NA,1,17,G,K,NA,NA,0,NA,audio/syllables_GK/GAH_KAH_3_0.wav,376
b_group,test,GK_test,GAH_KAH_3_7,AH,NA,NA,NA,NA,NA,1,17,G,K,NA,NA,7,NA,audio/syllables_GK/GAH_KAH_3_7.wav,377
b_group,test,GK_test,GAH_KAH_3_11,AH,NA,NA,NA,NA,NA,1,17,G,K,NA,NA,11,NA,audio/syllables_GK/GAH_KAH_3_11.wav,378
b_group,test,GK_test,GAH_KAH_3_14,AH,NA,NA,NA,NA,NA,1,17,G,K,NA,NA,14,NA,audio/syllables_GK/GAH_KAH_3_14.wav,379
b_group,test,GK_test,GAH_KAH_3_16,AH,NA,NA,NA,NA,NA,1,17,G,K,NA,NA,16,NA,audio/syllables_GK/GAH_KAH_3_16.wav,380
b_group,test,GK_test,GAH_KAH_3_17,AH,NA,NA,NA,NA,NA,1,17,G,K,NA,NA,17,NA,audio/syllables_GK/GAH_KAH_3_17.wav,381
b_group,test,GK_test,GAH_KAH_3_18,AH,NA,NA,NA,NA,NA,1,17,G,K,NA,NA,18,NA,audio/syllables_GK/GAH_KAH_3_18.wav,382
b_group,test,GK_test,GAH_KAH_3_20,AH,NA,NA,NA,NA,NA,1,17,G,K,NA,NA,20,NA,audio/syllables_GK/GAH_KAH_3_20.wav,383
b_group,test,GK_test,GAH_KAH_3_23,AH,NA,NA,NA,NA,NA,1,17,G,K,NA,NA,23,NA,audio/syllables_GK/GAH_KAH_3_23.wav,384
b_group,test,GK_test,GAH_KAH_3_26,AH,NA,NA,NA,NA,NA,1,17,G,K,NA,NA,26,NA,audio/syllables_GK/GAH_KAH_3_26.wav,385
b_group,test,GK_test,GAH_KAH_3_30,AH,NA,NA,NA,NA,NA,1,17,G,K,NA,NA,30,NA,audio/syllables_GK/GAH_KAH_3_30.wav,386
b_group,test,GK_test,GIH_KIH_5_0,IH,NA,NA,NA,NA,NA,1,23,G,K,NA,NA,0,NA,audio/syllables_GK/GIH_KIH_5_0.wav,387
b_group,test,GK_test,GIH_KIH_5_8,IH,NA,NA,NA,NA,NA,1,23,G,K,NA,NA,8,NA,audio/syllables_GK/GIH_KIH_5_8.wav,388
b_group,test,GK_test,GIH_KIH_5_13,IH,NA,NA,NA,NA,NA,1,23,G,K,NA,NA,13,NA,audio/syllables_GK/GIH_KIH_5_13.wav,389
b_group,test,GK_test,GIH_KIH_5_17,IH,NA,NA,NA,NA,NA,1,23,G,K,NA,NA,17,NA,audio/syllables_GK/GIH_KIH_5_17.wav,390
b_group,test,GK_test,GIH_KIH_5_20,IH,NA,NA,NA,NA,NA,1,23,G,K,NA,NA,20,NA,audio/syllables_GK/GIH_KIH_5_20.wav,391
b_group,test,GK_test,GIH_KIH_5_23,IH,NA,NA,NA,NA,NA,1,23,G,K,NA,NA,23,NA,audio/syllables_GK/GIH_KIH_5_23.wav,392
b_group,test,GK_test,GIH_KIH_5_24,IH,NA,NA,NA,NA,NA,1,23,G,K,NA,NA,24,NA,audio/syllables_GK/GIH_KIH_5_24.wav,393
b_group,test,GK_test,GIH_KIH_5_25,IH,NA,NA,NA,NA,NA,1,23,G,K,NA,NA,25,NA,audio/syllables_GK/GIH_KIH_5_25.wav,394
b_group,test,GK_test,GIH_KIH_5_26,IH,NA,NA,NA,NA,NA,1,23,G,K,NA,NA,26,NA,audio/syllables_GK/GIH_KIH_5_26.wav,395
b_group,test,GK_test,GIH_KIH_5_28,IH,NA,NA,NA,NA,NA,1,23,G,K,NA,NA,28,NA,audio/syllables_GK/GIH_KIH_5_28.wav,396
b_group,test,GK_test,GIH_KIH_5_30,IH,NA,NA,NA,NA,NA,1,23,G,K,NA,NA,30,NA,audio/syllables_GK/GIH_KIH_5_30.wav,397
b_group,test,GK_test,GUH_KUH_3_0,UH,NA,NA,NA,NA,NA,1,18,G,K,NA,NA,0,NA,audio/syllables_GK/GUH_KUH_3_0.wav,398
b_group,test,GK_test,GUH_KUH_3_7,UH,NA,NA,NA,NA,NA,1,18,G,K,NA,NA,7,NA,audio/syllables_GK/GUH_KUH_3_7.wav,399
b_group,test,GK_test,GUH_KUH_3_11,UH,NA,NA,NA,NA,NA,1,18,G,K,NA,NA,11,NA,audio/syllables_GK/GUH_KUH_3_11.wav,400
b_group,test,GK_test,GUH_KUH_3_14,UH,NA,NA,NA,NA,NA,1,18,G,K,NA,NA,14,NA,audio/syllables_GK/GUH_KUH_3_14.wav,401
b_group,test,GK_test,GUH_KUH_3_16,UH,NA,NA,NA,NA,NA,1,18,G,K,NA,NA,16,NA,audio/syllables_GK/GUH_KUH_3_16.wav,402
b_group,test,GK_test,GUH_KUH_3_18,UH,NA,NA,NA,NA,NA,1,18,G,K,NA,NA,18,NA,audio/syllables_GK/GUH_KUH_3_18.wav,403
b_group,test,GK_test,GUH_KUH_3_19,UH,NA,NA,NA,NA,NA,1,18,G,K,NA,NA,19,NA,audio/syllables_GK/GUH_KUH_3_19.wav,404
b_group,test,GK_test,GUH_KUH_3_21,UH,NA,NA,NA,NA,NA,1,18,G,K,NA,NA,21,NA,audio/syllables_GK/GUH_KUH_3_21.wav,405
b_group,test,GK_test,GUH_KUH_3_23,UH,NA,NA,NA,NA,NA,1,18,G,K,NA,NA,23,NA,audio/syllables_GK/GUH_KUH_3_23.wav,406
b_group,test,GK_test,GUH_KUH_3_26,UH,NA,NA,NA,NA,NA,1,18,G,K,NA,NA,26,NA,audio/syllables_GK/GUH_KUH_3_26.wav,407
b_group,test,GK_test,GUH_KUH_3_30,UH,NA,NA,NA,NA,NA,1,18,G,K,NA,NA,30,NA,audio/syllables_GK/GUH_KUH_3_30.wav,408
b_group,test,GK_test,GAA_KAA_5_0,AA,NA,NA,NA,NA,NA,2,25,G,K,NA,NA,0,NA,audio/syllables_GK/GAA_KAA_5_0.wav,409
b_group,test,GK_test,GAA_KAA_5_8,AA,NA,NA,NA,NA,NA,2,25,G,K,NA,NA,8,NA,audio/syllables_GK/GAA_KAA_5_8.wav,410
b_group,test,GK_test,GAA_KAA_5_14,AA,NA,NA,NA,NA,NA,2,25,G,K,NA,NA,14,NA,audio/syllables_GK/GAA_KAA_5_14.wav,411
b_group,test,GK_test,GAA_KAA_5_19,AA,NA,NA,NA,NA,NA,2,25,G,K,NA,NA,19,NA,audio/syllables_GK/GAA_KAA_5_19.wav,412
b_group,test,GK_test,GAA_KAA_5_23,AA,NA,NA,NA,NA,NA,2,25,G,K,NA,NA,23,NA,audio/syllables_GK/GAA_KAA_5_23.wav,413
b_group,test,GK_test,GAA_KAA_5_25,AA,NA,NA,NA,NA,NA,2,25,G,K,NA,NA,25,NA,audio/syllables_GK/GAA_KAA_5_25.wav,414
b_group,test,GK_test,GAA_KAA_5_26,AA,NA,NA,NA,NA,NA,2,25,G,K,NA,NA,26,NA,audio/syllables_GK/GAA_KAA_5_26.wav,415
b_group,test,GK_test,GAA_KAA_5_27,AA,NA,NA,NA,NA,NA,2,25,G,K,NA,NA,27,NA,audio/syllables_GK/GAA_KAA_5_27.wav,416
b_group,test,GK_test,GAA_KAA_5_28,AA,NA,NA,NA,NA,NA,2,25,G,K,NA,NA,28,NA,audio/syllables_GK/GAA_KAA_5_28.wav,417
b_group,test,GK_test,GAA_KAA_5_29,AA,NA,NA,NA,NA,NA,2,25,G,K,NA,NA,29,NA,audio/syllables_GK/GAA_KAA_5_29.wav,418
b_group,test,GK_test,GAA_KAA_5_30,AA,NA,NA,NA,NA,NA,2,25,G,K,NA,NA,30,NA,audio/syllables_GK/GAA_KAA_5_30.wav,419
b_group,test,GK_test,GAH_KAH_3_0,AH,NA,NA,NA,NA,NA,2,17,G,K,NA,NA,0,NA,audio/syllables_GK/GAH_KAH_3_0.wav,420
b_group,test,GK_test,GAH_KAH_3_7,AH,NA,NA,NA,NA,NA,2,17,G,K,NA,NA,7,NA,audio/syllables_GK/GAH_KAH_3_7.wav,421
b_group,test,GK_test,GAH_KAH_3_11,AH,NA,NA,NA,NA,NA,2,17,G,K,NA,NA,11,NA,audio/syllables_GK/GAH_KAH_3_11.wav,422
b_group,test,GK_test,GAH_KAH_3_14,AH,NA,NA,NA,NA,NA,2,17,G,K,NA,NA,14,NA,audio/syllables_GK/GAH_KAH_3_14.wav,423
b_group,test,GK_test,GAH_KAH_3_16,AH,NA,NA,NA,NA,NA,2,17,G,K,NA,NA,16,NA,audio/syllables_GK/GAH_KAH_3_16.wav,424
b_group,test,GK_test,GAH_KAH_3_17,AH,NA,NA,NA,NA,NA,2,17,G,K,NA,NA,17,NA,audio/syllables_GK/GAH_KAH_3_17.wav,425
b_group,test,GK_test,GAH_KAH_3_18,AH,NA,NA,NA,NA,NA,2,17,G,K,NA,NA,18,NA,audio/syllables_GK/GAH_KAH_3_18.wav,426
b_group,test,GK_test,GAH_KAH_3_20,AH,NA,NA,NA,NA,NA,2,17,G,K,NA,NA,20,NA,audio/syllables_GK/GAH_KAH_3_20.wav,427
b_group,test,GK_test,GAH_KAH_3_23,AH,NA,NA,NA,NA,NA,2,17,G,K,NA,NA,23,NA,audio/syllables_GK/GAH_KAH_3_23.wav,428
b_group,test,GK_test,GAH_KAH_3_26,AH,NA,NA,NA,NA,NA,2,17,G,K,NA,NA,26,NA,audio/syllables_GK/GAH_KAH_3_26.wav,429
b_group,test,GK_test,GAH_KAH_3_30,AH,NA,NA,NA,NA,NA,2,17,G,K,NA,NA,30,NA,audio/syllables_GK/GAH_KAH_3_30.wav,430
b_group,test,GK_test,GIH_KIH_5_0,IH,NA,NA,NA,NA,NA,2,23,G,K,NA,NA,0,NA,audio/syllables_GK/GIH_KIH_5_0.wav,431
b_group,test,GK_test,GIH_KIH_5_8,IH,NA,NA,NA,NA,NA,2,23,G,K,NA,NA,8,NA,audio/syllables_GK/GIH_KIH_5_8.wav,432
b_group,test,GK_test,GIH_KIH_5_13,IH,NA,NA,NA,NA,NA,2,23,G,K,NA,NA,13,NA,audio/syllables_GK/GIH_KIH_5_13.wav,433
b_group,test,GK_test,GIH_KIH_5_17,IH,NA,NA,NA,NA,NA,2,23,G,K,NA,NA,17,NA,audio/syllables_GK/GIH_KIH_5_17.wav,434
b_group,test,GK_test,GIH_KIH_5_20,IH,NA,NA,NA,NA,NA,2,23,G,K,NA,NA,20,NA,audio/syllables_GK/GIH_KIH_5_20.wav,435
b_group,test,GK_test,GIH_KIH_5_23,IH,NA,NA,NA,NA,NA,2,23,G,K,NA,NA,23,NA,audio/syllables_GK/GIH_KIH_5_23.wav,436
b_group,test,GK_test,GIH_KIH_5_24,IH,NA,NA,NA,NA,NA,2,23,G,K,NA,NA,24,NA,audio/syllables_GK/GIH_KIH_5_24.wav,437
b_group,test,GK_test,GIH_KIH_5_25,IH,NA,NA,NA,NA,NA,2,23,G,K,NA,NA,25,NA,audio/syllables_GK/GIH_KIH_5_25.wav,438
b_group,test,GK_test,GIH_KIH_5_26,IH,NA,NA,NA,NA,NA,2,23,G,K,NA,NA,26,NA,audio/syllables_GK/GIH_KIH_5_26.wav,439
b_group,test,GK_test,GIH_KIH_5_28,IH,NA,NA,NA,NA,NA,2,23,G,K,NA,NA,28,NA,audio/syllables_GK/GIH_KIH_5_28.wav,440
b_group,test,GK_test,GIH_KIH_5_30,IH,NA,NA,NA,NA,NA,2,23,G,K,NA,NA,30,NA,audio/syllables_GK/GIH_KIH_5_30.wav,441
b_group,test,GK_test,GUH_KUH_3_0,UH,NA,NA,NA,NA,NA,2,18,G,K,NA,NA,0,NA,audio/syllables_GK/GUH_KUH_3_0.wav,442
b_group,test,GK_test,GUH_KUH_3_7,UH,NA,NA,NA,NA,NA,2,18,G,K,NA,NA,7,NA,audio/syllables_GK/GUH_KUH_3_7.wav,443
b_group,test,GK_test,GUH_KUH_3_11,UH,NA,NA,NA,NA,NA,2,18,G,K,NA,NA,11,NA,audio/syllables_GK/GUH_KUH_3_11.wav,444
b_group,test,GK_test,GUH_KUH_3_14,UH,NA,NA,NA,NA,NA,2,18,G,K,NA,NA,14,NA,audio/syllables_GK/GUH_KUH_3_14.wav,445
b_group,test,GK_test,GUH_KUH_3_16,UH,NA,NA,NA,NA,NA,2,18,G,K,NA,NA,16,NA,audio/syllables_GK/GUH_KUH_3_16.wav,446
b_group,test,GK_test,GUH_KUH_3_18,UH,NA,NA,NA,NA,NA,2,18,G,K,NA,NA,18,NA,audio/syllables_GK/GUH_KUH_3_18.wav,447
b_group,test,GK_test,GUH_KUH_3_19,UH,NA,NA,NA,NA,NA,2,18,G,K,NA,NA,19,NA,audio/syllables_GK/GUH_KUH_3_19.wav,448
b_group,test,GK_test,GUH_KUH_3_21,UH,NA,NA,NA,NA,NA,2,18,G,K,NA,NA,21,NA,audio/syllables_GK/GUH_KUH_3_21.wav,449
b_group,test,GK_test,GUH_KUH_3_23,UH,NA,NA,NA,NA,NA,2,18,G,K,NA,NA,23,NA,audio/syllables_GK/GUH_KUH_3_23.wav,450
b_group,test,GK_test,GUH_KUH_3_26,UH,NA,NA,NA,NA,NA,2,18,G,K,NA,NA,26,NA,audio/syllables_GK/GUH_KUH_3_26.wav,451
b_group,test,GK_test,GUH_KUH_3_30,UH,NA,NA,NA,NA,NA,2,18,G,K,NA,NA,30,NA,audio/syllables_GK/GUH_KUH_3_30.wav,452
b_group,test,GK_test,GAA_KAA_5_0,AA,NA,NA,NA,NA,NA,3,25,G,K,NA,NA,0,NA,audio/syllables_GK/GAA_KAA_5_0.wav,453
b_group,test,GK_test,GAA_KAA_5_8,AA,NA,NA,NA,NA,NA,3,25,G,K,NA,NA,8,NA,audio/syllables_GK/GAA_KAA_5_8.wav,454
b_group,test,GK_test,GAA_KAA_5_14,AA,NA,NA,NA,NA,NA,3,25,G,K,NA,NA,14,NA,audio/syllables_GK/GAA_KAA_5_14.wav,455
b_group,test,GK_test,GAA_KAA_5_19,AA,NA,NA,NA,NA,NA,3,25,G,K,NA,NA,19,NA,audio/syllables_GK/GAA_KAA_5_19.wav,456
b_group,test,GK_test,GAA_KAA_5_23,AA,NA,NA,NA,NA,NA,3,25,G,K,NA,NA,23,NA,audio/syllables_GK/GAA_KAA_5_23.wav,457
b_group,test,GK_test,GAA_KAA_5_25,AA,NA,NA,NA,NA,NA,3,25,G,K,NA,NA,25,NA,audio/syllables_GK/GAA_KAA_5_25.wav,458
b_group,test,GK_test,GAA_KAA_5_26,AA,NA,NA,NA,NA,NA,3,25,G,K,NA,NA,26,NA,audio/syllables_GK/GAA_KAA_5_26.wav,459
b_group,test,GK_test,GAA_KAA_5_27,AA,NA,NA,NA,NA,NA,3,25,G,K,NA,NA,27,NA,audio/syllables_GK/GAA_KAA_5_27.wav,460
b_group,test,GK_test,GAA_KAA_5_28,AA,NA,NA,NA,NA,NA,3,25,G,K,NA,NA,28,NA,audio/syllables_GK/GAA_KAA_5_28.wav,461
b_group,test,GK_test,GAA_KAA_5_29,AA,NA,NA,NA,NA,NA,3,25,G,K,NA,NA,29,NA,audio/syllables_GK/GAA_KAA_5_29.wav,462
b_group,test,GK_test,GAA_KAA_5_30,AA,NA,NA,NA,NA,NA,3,25,G,K,NA,NA,30,NA,audio/syllables_GK/GAA_KAA_5_30.wav,463
b_group,test,GK_test,GAH_KAH_3_0,AH,NA,NA,NA,NA,NA,3,17,G,K,NA,NA,0,NA,audio/syllables_GK/GAH_KAH_3_0.wav,464
,test,GK_test,GAH_KAH_3_7,AH,NA,NA,NA,NA,NA,3,17,G,K,NA,NA,7,NA,audio/syllables_GK/GAH_KAH_3_7.wav,465
,test,GK_test,GAH_KAH_3_11,AH,NA,NA,NA,NA,NA,3,17,G,K,NA,NA,11,NA,audio/syllables_GK/GAH_KAH_3_11.wav,466
,test,GK_test,GAH_KAH_3_14,AH,NA,NA,NA,NA,NA,3,17,G,K,NA,NA,14,NA,audio/syllables_GK/GAH_KAH_3_14.wav,467
,test,GK_test,GAH_KAH_3_16,AH,NA,NA,NA,NA,NA,3,17,G,K,NA,NA,16,NA,audio/syllables_GK/GAH_KAH_3_16.wav,468
,test,GK_test,GAH_KAH_3_17,AH,NA,NA,NA,NA,NA,3,17,G,K,NA,NA,17,NA,audio/syllables_GK/GAH_KAH_3_17.wav,469
,test,GK_test,GAH_KAH_3_18,AH,NA,NA,NA,NA,NA,3,17,G,K,NA,NA,18,NA,audio/syllables_GK/GAH_KAH_3_18.wav,470
,test,GK_test,GAH_KAH_3_20,AH,NA,NA,NA,NA,NA,3,17,G,K,NA,NA,20,NA,audio/syllables_GK/GAH_KAH_3_20.wav,471
,test,GK_test,GAH_KAH_3_23,AH,NA,NA,NA,NA,NA,3,17,G,K,NA,NA,23,NA,audio/syllables_GK/GAH_KAH_3_23.wav,472
,test,GK_test,GAH_KAH_3_26,AH,NA,NA,NA,NA,NA,3,17,G,K,NA,NA,26,NA,audio/syllables_GK/GAH_KAH_3_26.wav,473
,test,GK_test,GAH_KAH_3_30,AH,NA,NA,NA,NA,NA,3,17,G,K,NA,NA,30,NA,audio/syllables_GK/GAH_KAH_3_30.wav,474
,test,GK_test,GIH_KIH_5_0,IH,NA,NA,NA,NA,NA,3,23,G,K,NA,NA,0,NA,audio/syllables_GK/GIH_KIH_5_0.wav,475
,test,GK_test,GIH_KIH_5_8,IH,NA,NA,NA,NA,NA,3,23,G,K,NA,NA,8,NA,audio/syllables_GK/GIH_KIH_5_8.wav,476
,test,GK_test,GIH_KIH_5_13,IH,NA,NA,NA,NA,NA,3,23,G,K,NA,NA,13,NA,audio/syllables_GK/GIH_KIH_5_13.wav,477
,test,GK_test,GIH_KIH_5_17,IH,NA,NA,NA,NA,NA,3,23,G,K,NA,NA,17,NA,audio/syllables_GK/GIH_KIH_5_17.wav,478
,test,GK_test,GIH_KIH_5_20,IH,NA,NA,NA,NA,NA,3,23,G,K,NA,NA,20,NA,audio/syllables_GK/GIH_KIH_5_20.wav,479
,test,GK_test,GIH_KIH_5_23,IH,NA,NA,NA,NA,NA,3,23,G,K,NA,NA,23,NA,audio/syllables_GK/GIH_KIH_5_23.wav,480
,test,GK_test,GIH_KIH_5_24,IH,NA,NA,NA,NA,NA,3,23,G,K,NA,NA,24,NA,audio/syllables_GK/GIH_KIH_5_24.wav,481
,test,GK_test,GIH_KIH_5_25,IH,NA,NA,NA,NA,NA,3,23,G,K,NA,NA,25,NA,audio/syllables_GK/GIH_KIH_5_25.wav,482
,test,GK_test,GIH_KIH_5_26,IH,NA,NA,NA,NA,NA,3,23,G,K,NA,NA,26,NA,audio/syllables_GK/GIH_KIH_5_26.wav,483
,test,GK_test,GIH_KIH_5_28,IH,NA,NA,NA,NA,NA,3,23,G,K,NA,NA,28,NA,audio/syllables_GK/GIH_KIH_5_28.wav,484
,test,GK_test,GIH_KIH_5_30,IH,NA,NA,NA,NA,NA,3,23,G,K,NA,NA,30,NA,audio/syllables_GK/GIH_KIH_5_30.wav,485
,test,GK_test,GUH_KUH_3_0,UH,NA,NA,NA,NA,NA,3,18,G,K,NA,NA,0,NA,audio/syllables_GK/GUH_KUH_3_0.wav,486
,test,GK_test,GUH_KUH_3_7,UH,NA,NA,NA,NA,NA,3,18,G,K,NA,NA,7,NA,audio/syllables_GK/GUH_KUH_3_7.wav,487
,test,GK_test,GUH_KUH_3_11,UH,NA,NA,NA,NA,NA,3,18,G,K,NA,NA,11,NA,audio/syllables_GK/GUH_KUH_3_11.wav,488
,test,GK_test,GUH_KUH_3_14,UH,NA,NA,NA,NA,NA,3,18,G,K,NA,NA,14,NA,audio/syllables_GK/GUH_KUH_3_14.wav,489
,test,GK_test,GUH_KUH_3_16,UH,NA,NA,NA,NA,NA,3,18,G,K,NA,NA,16,NA,audio/syllables_GK/GUH_KUH_3_16.wav,490
,test,GK_test,GUH_KUH_3_18,UH,NA,NA,NA,NA,NA,3,18,G,K,NA,NA,18,NA,audio/syllables_GK/GUH_KUH_3_18.wav,491
,test,GK_test,GUH_KUH_3_19,UH,NA,NA,NA,NA,NA,3,18,G,K,NA,NA,19,NA,audio/syllables_GK/GUH_KUH_3_19.wav,492
,test,GK_test,GUH_KUH_3_21,UH,NA,NA,NA,NA,NA,3,18,G,K,NA,NA,21,NA,audio/syllables_GK/GUH_KUH_3_21.wav,493
,test,GK_test,GUH_KUH_3_23,UH,NA,NA,NA,NA,NA,3,18,G,K,NA,NA,23,NA,audio/syllables_GK/GUH_KUH_3_23.wav,494
,test,GK_test,GUH_KUH_3_26,UH,NA,NA,NA,NA,NA,3,18,G,K,NA,NA,26,NA,audio/syllables_GK/GUH_KUH_3_26.wav,495
,test,GK_test,GUH_KUH_3_30,UH,NA,NA,NA,NA,NA,3,18,G,K,NA,NA,30,NA,audio/syllables_GK/GUH_KUH_3_30.wav,496